Copyright 1986-2022 Xilinx, Inc. All Rights Reserved. Copyright 2022-2025 Advanced Micro Devices, Inc. All Rights Reserved.
---------------------------------------------------------------------------------------------------------------------------------------------------------------------------------------------------------------------
| Tool Version : Vivado v.2025.1 (lin64) Build 6140274 Wed May 21 22:58:25 MDT 2025
| Date         : Thu Jan 29 11:12:30 2026
| Host         : bram-laurens-ROG-Zephyrus-G16-GU605MI running 64-bit Ubuntu 24.04.3 LTS
| Command      : report_timing_summary -max_paths 10 -routable_nets -report_unconstrained -file top_timing_summary_routed.rpt -pb top_timing_summary_routed.pb -rpx top_timing_summary_routed.rpx -warn_on_violation
| Design       : top
| Device       : 7a35t-cpg236
| Speed File   : -1  PRODUCTION 1.23 2018-06-13
| Design State : Routed
---------------------------------------------------------------------------------------------------------------------------------------------------------------------------------------------------------------------

Timing Summary Report

------------------------------------------------------------------------------------------------
| Timer Settings
| --------------
------------------------------------------------------------------------------------------------

  Enable Multi Corner Analysis               :  Yes
  Enable Pessimism Removal                   :  Yes
  Pessimism Removal Resolution               :  Nearest Common Node
  Enable Input Delay Default Clock           :  No
  Enable Preset / Clear Arcs                 :  No
  Disable Flight Delays                      :  No
  Ignore I/O Paths                           :  No
  Timing Early Launch at Borrowing Latches   :  No
  Borrow Time for Max Delay Exceptions       :  Yes
  Merge Timing Exceptions                    :  Yes
  Inter-SLR Compensation                     :  Conservative

  Corner  Analyze    Analyze    
  Name    Max Paths  Min Paths  
  ------  ---------  ---------  
  Slow    Yes        Yes        
  Fast    Yes        Yes        


------------------------------------------------------------------------------------------------
| Report Methodology
| ------------------
------------------------------------------------------------------------------------------------

Rule       Severity          Description                    Violations  
---------  ----------------  -----------------------------  ----------  
TIMING-17  Critical Warning  Non-clocked sequential cell    1000        
TIMING-18  Warning           Missing input or output delay  1           

Note: This report is based on the most recent report_methodology run and may not be up-to-date. Run report_methodology on the current design for the latest report.



check_timing report

Table of Contents
-----------------
1. checking no_clock (3005)
2. checking constant_clock (0)
3. checking pulse_width_clock (0)
4. checking unconstrained_internal_endpoints (4985)
5. checking no_input_delay (1)
6. checking no_output_delay (14)
7. checking multiple_clock (0)
8. checking generated_clocks (0)
9. checking loops (0)
10. checking partial_input_delay (0)
11. checking partial_output_delay (0)
12. checking latch_loops (0)

1. checking no_clock (3005)
---------------------------
 There are 3005 register/latch pins with no clock driven by root clock pin: clk_div_inst/clk_reg_reg/Q (HIGH)


2. checking constant_clock (0)
------------------------------
 There are 0 register/latch pins with constant_clock.


3. checking pulse_width_clock (0)
---------------------------------
 There are 0 register/latch pins which need pulse_width check


4. checking unconstrained_internal_endpoints (4985)
---------------------------------------------------
 There are 4985 pins that are not constrained for maximum delay. (HIGH)

 There are 0 pins that are not constrained for maximum delay due to constant clock.


5. checking no_input_delay (1)
------------------------------
 There is 1 input port with no input delay specified. (HIGH)

 There are 0 input ports with no input delay but user has a false path constraint.


6. checking no_output_delay (14)
--------------------------------
 There are 14 ports with no output delay specified. (HIGH)

 There are 0 ports with no output delay but user has a false path constraint

 There are 0 ports with no output delay but with a timing clock defined on it or propagating through it


7. checking multiple_clock (0)
------------------------------
 There are 0 register/latch pins with multiple clocks.


8. checking generated_clocks (0)
--------------------------------
 There are 0 generated clocks that are not connected to a clock source.


9. checking loops (0)
---------------------
 There are 0 combinational loops in the design.


10. checking partial_input_delay (0)
------------------------------------
 There are 0 input ports with partial input delay specified.


11. checking partial_output_delay (0)
-------------------------------------
 There are 0 ports with partial output delay specified.


12. checking latch_loops (0)
----------------------------
 There are 0 combinational latch loops in the design through latch input



------------------------------------------------------------------------------------------------
| Design Timing Summary
| ---------------------
------------------------------------------------------------------------------------------------

    WNS(ns)      TNS(ns)  TNS Failing Endpoints  TNS Total Endpoints      WHS(ns)      THS(ns)  THS Failing Endpoints  THS Total Endpoints     WPWS(ns)     TPWS(ns)  TPWS Failing Endpoints  TPWS Total Endpoints  
    -------      -------  ---------------------  -------------------      -------      -------  ---------------------  -------------------     --------     --------  ----------------------  --------------------  
      1.286        0.000                      0                  466        0.123        0.000                      0                  466        4.500        0.000                       0                   203  


All user specified timing constraints are met.


------------------------------------------------------------------------------------------------
| Clock Summary
| -------------
------------------------------------------------------------------------------------------------

Clock        Waveform(ns)       Period(ns)      Frequency(MHz)
-----        ------------       ----------      --------------
sys_clk_pin  {0.000 5.000}      10.000          100.000         


------------------------------------------------------------------------------------------------
| Intra Clock Table
| -----------------
------------------------------------------------------------------------------------------------

Clock             WNS(ns)      TNS(ns)  TNS Failing Endpoints  TNS Total Endpoints      WHS(ns)      THS(ns)  THS Failing Endpoints  THS Total Endpoints     WPWS(ns)     TPWS(ns)  TPWS Failing Endpoints  TPWS Total Endpoints  
-----             -------      -------  ---------------------  -------------------      -------      -------  ---------------------  -------------------     --------     --------  ----------------------  --------------------  
sys_clk_pin         1.286        0.000                      0                  466        0.123        0.000                      0                  466        4.500        0.000                       0                   203  


------------------------------------------------------------------------------------------------
| Inter Clock Table
| -----------------
------------------------------------------------------------------------------------------------

From Clock    To Clock          WNS(ns)      TNS(ns)  TNS Failing Endpoints  TNS Total Endpoints      WHS(ns)      THS(ns)  THS Failing Endpoints  THS Total Endpoints  
----------    --------          -------      -------  ---------------------  -------------------      -------      -------  ---------------------  -------------------  


------------------------------------------------------------------------------------------------
| Other Path Groups Table
| -----------------------
------------------------------------------------------------------------------------------------

Path Group    From Clock    To Clock          WNS(ns)      TNS(ns)  TNS Failing Endpoints  TNS Total Endpoints      WHS(ns)      THS(ns)  THS Failing Endpoints  THS Total Endpoints  
----------    ----------    --------          -------      -------  ---------------------  -------------------      -------      -------  ---------------------  -------------------  


------------------------------------------------------------------------------------------------
| User Ignored Path Table
| -----------------------
------------------------------------------------------------------------------------------------

Path Group    From Clock    To Clock    
----------    ----------    --------    


------------------------------------------------------------------------------------------------
| Unconstrained Path Table
| ------------------------
------------------------------------------------------------------------------------------------

Path Group    From Clock    To Clock    
----------    ----------    --------    
(none)                                    
(none)                      sys_clk_pin   


------------------------------------------------------------------------------------------------
| Timing Details
| --------------
------------------------------------------------------------------------------------------------


---------------------------------------------------------------------------------------------------
From Clock:  sys_clk_pin
  To Clock:  sys_clk_pin

Setup :            0  Failing Endpoints,  Worst Slack        1.286ns,  Total Violation        0.000ns
Hold  :            0  Failing Endpoints,  Worst Slack        0.123ns,  Total Violation        0.000ns
PW    :            0  Failing Endpoints,  Worst Slack        4.500ns,  Total Violation        0.000ns
---------------------------------------------------------------------------------------------------


Max Delay Paths
--------------------------------------------------------------------------------------
Slack (MET) :             1.286ns  (required time - arrival time)
  Source:                 command_handler_inst/IC1/H_stand_reg[2]/C
                            (falling edge-triggered cell FDRE clocked by sys_clk_pin  {rise@0.000ns fall@5.000ns period=10.000ns})
  Destination:            command_handler_inst/int_mem_data_in_a_reg[23]/R
                            (rising edge-triggered cell FDRE clocked by sys_clk_pin  {rise@0.000ns fall@5.000ns period=10.000ns})
  Path Group:             sys_clk_pin
  Path Type:              Setup (Max at Slow Process Corner)
  Requirement:            5.000ns  (sys_clk_pin rise@10.000ns - sys_clk_pin fall@5.000ns)
  Data Path Delay:        3.208ns  (logic 0.583ns (18.172%)  route 2.625ns (81.828%))
  Logic Levels:           1  (LUT4=1)
  Clock Path Skew:        -0.041ns (DCD - SCD + CPR)
    Destination Clock Delay (DCD):    4.789ns = ( 14.789 - 10.000 ) 
    Source Clock Delay      (SCD):    5.090ns = ( 10.090 - 5.000 ) 
    Clock Pessimism Removal (CPR):    0.260ns
  Clock Uncertainty:      0.035ns  ((TSJ^2 + TIJ^2)^1/2 + DJ) / 2 + PE
    Total System Jitter     (TSJ):    0.071ns
    Total Input Jitter      (TIJ):    0.000ns
    Discrete Jitter          (DJ):    0.000ns
    Phase Error              (PE):    0.000ns

    Location             Delay type                Incr(ns)  Path(ns)    Netlist Resource(s)
  -------------------------------------------------------------------    -------------------
                         (clock sys_clk_pin fall edge)
                                                      5.000     5.000 f  
    W5                                                0.000     5.000 f  clk (IN)
                         net (fo=0)                   0.000     5.000    clk
    W5                   IBUF (Prop_ibuf_I_O)         1.458     6.458 f  clk_IBUF_inst/O
                         net (fo=1, routed)           1.967     8.425    clk_IBUF
    BUFGCTRL_X0Y1        BUFG (Prop_bufg_I_O)         0.096     8.521 f  clk_IBUF_BUFG_inst/O
                         net (fo=202, routed)         1.569    10.090    command_handler_inst/IC1/clk_IBUF_BUFG
    SLICE_X55Y10         FDRE                                         r  command_handler_inst/IC1/H_stand_reg[2]/C  (IS_INVERTED)
  -------------------------------------------------------------------    -------------------
    SLICE_X55Y10         FDRE (Prop_fdre_C_Q)         0.459    10.549 f  command_handler_inst/IC1/H_stand_reg[2]/Q
                         net (fo=24, routed)          1.544    12.094    command_handler_inst/IC1/H_stand[2]
    SLICE_X59Y9          LUT4 (Prop_lut4_I0_O)        0.124    12.218 r  command_handler_inst/IC1/int_mem_data_in_a[30]_i_1/O
                         net (fo=29, routed)          1.081    13.299    command_handler_inst/IC1_n_0
    SLICE_X57Y14         FDRE                                         r  command_handler_inst/int_mem_data_in_a_reg[23]/R
  -------------------------------------------------------------------    -------------------

                         (clock sys_clk_pin rise edge)
                                                     10.000    10.000 r  
    W5                                                0.000    10.000 r  clk (IN)
                         net (fo=0)                   0.000    10.000    clk
    W5                   IBUF (Prop_ibuf_I_O)         1.388    11.388 r  clk_IBUF_inst/O
                         net (fo=1, routed)           1.862    13.250    clk_IBUF
    BUFGCTRL_X0Y1        BUFG (Prop_bufg_I_O)         0.091    13.341 r  clk_IBUF_BUFG_inst/O
                         net (fo=202, routed)         1.448    14.789    command_handler_inst/clk_IBUF_BUFG
    SLICE_X57Y14         FDRE                                         r  command_handler_inst/int_mem_data_in_a_reg[23]/C
                         clock pessimism              0.260    15.049    
                         clock uncertainty           -0.035    15.014    
    SLICE_X57Y14         FDRE (Setup_fdre_C_R)       -0.429    14.585    command_handler_inst/int_mem_data_in_a_reg[23]
  -------------------------------------------------------------------
                         required time                         14.585    
                         arrival time                         -13.299    
  -------------------------------------------------------------------
                         slack                                  1.286    

Slack (MET) :             1.286ns  (required time - arrival time)
  Source:                 command_handler_inst/IC1/H_stand_reg[2]/C
                            (falling edge-triggered cell FDRE clocked by sys_clk_pin  {rise@0.000ns fall@5.000ns period=10.000ns})
  Destination:            command_handler_inst/int_mem_data_in_a_reg[4]/R
                            (rising edge-triggered cell FDRE clocked by sys_clk_pin  {rise@0.000ns fall@5.000ns period=10.000ns})
  Path Group:             sys_clk_pin
  Path Type:              Setup (Max at Slow Process Corner)
  Requirement:            5.000ns  (sys_clk_pin rise@10.000ns - sys_clk_pin fall@5.000ns)
  Data Path Delay:        3.208ns  (logic 0.583ns (18.172%)  route 2.625ns (81.828%))
  Logic Levels:           1  (LUT4=1)
  Clock Path Skew:        -0.041ns (DCD - SCD + CPR)
    Destination Clock Delay (DCD):    4.789ns = ( 14.789 - 10.000 ) 
    Source Clock Delay      (SCD):    5.090ns = ( 10.090 - 5.000 ) 
    Clock Pessimism Removal (CPR):    0.260ns
  Clock Uncertainty:      0.035ns  ((TSJ^2 + TIJ^2)^1/2 + DJ) / 2 + PE
    Total System Jitter     (TSJ):    0.071ns
    Total Input Jitter      (TIJ):    0.000ns
    Discrete Jitter          (DJ):    0.000ns
    Phase Error              (PE):    0.000ns

    Location             Delay type                Incr(ns)  Path(ns)    Netlist Resource(s)
  -------------------------------------------------------------------    -------------------
                         (clock sys_clk_pin fall edge)
                                                      5.000     5.000 f  
    W5                                                0.000     5.000 f  clk (IN)
                         net (fo=0)                   0.000     5.000    clk
    W5                   IBUF (Prop_ibuf_I_O)         1.458     6.458 f  clk_IBUF_inst/O
                         net (fo=1, routed)           1.967     8.425    clk_IBUF
    BUFGCTRL_X0Y1        BUFG (Prop_bufg_I_O)         0.096     8.521 f  clk_IBUF_BUFG_inst/O
                         net (fo=202, routed)         1.569    10.090    command_handler_inst/IC1/clk_IBUF_BUFG
    SLICE_X55Y10         FDRE                                         r  command_handler_inst/IC1/H_stand_reg[2]/C  (IS_INVERTED)
  -------------------------------------------------------------------    -------------------
    SLICE_X55Y10         FDRE (Prop_fdre_C_Q)         0.459    10.549 f  command_handler_inst/IC1/H_stand_reg[2]/Q
                         net (fo=24, routed)          1.544    12.094    command_handler_inst/IC1/H_stand[2]
    SLICE_X59Y9          LUT4 (Prop_lut4_I0_O)        0.124    12.218 r  command_handler_inst/IC1/int_mem_data_in_a[30]_i_1/O
                         net (fo=29, routed)          1.081    13.299    command_handler_inst/IC1_n_0
    SLICE_X57Y14         FDRE                                         r  command_handler_inst/int_mem_data_in_a_reg[4]/R
  -------------------------------------------------------------------    -------------------

                         (clock sys_clk_pin rise edge)
                                                     10.000    10.000 r  
    W5                                                0.000    10.000 r  clk (IN)
                         net (fo=0)                   0.000    10.000    clk
    W5                   IBUF (Prop_ibuf_I_O)         1.388    11.388 r  clk_IBUF_inst/O
                         net (fo=1, routed)           1.862    13.250    clk_IBUF
    BUFGCTRL_X0Y1        BUFG (Prop_bufg_I_O)         0.091    13.341 r  clk_IBUF_BUFG_inst/O
                         net (fo=202, routed)         1.448    14.789    command_handler_inst/clk_IBUF_BUFG
    SLICE_X57Y14         FDRE                                         r  command_handler_inst/int_mem_data_in_a_reg[4]/C
                         clock pessimism              0.260    15.049    
                         clock uncertainty           -0.035    15.014    
    SLICE_X57Y14         FDRE (Setup_fdre_C_R)       -0.429    14.585    command_handler_inst/int_mem_data_in_a_reg[4]
  -------------------------------------------------------------------
                         required time                         14.585    
                         arrival time                         -13.299    
  -------------------------------------------------------------------
                         slack                                  1.286    

Slack (MET) :             1.333ns  (required time - arrival time)
  Source:                 command_handler_inst/IC1/H_stand_reg[2]/C
                            (falling edge-triggered cell FDRE clocked by sys_clk_pin  {rise@0.000ns fall@5.000ns period=10.000ns})
  Destination:            command_handler_inst/int_mem_data_in_a_reg[18]/R
                            (rising edge-triggered cell FDRE clocked by sys_clk_pin  {rise@0.000ns fall@5.000ns period=10.000ns})
  Path Group:             sys_clk_pin
  Path Type:              Setup (Max at Slow Process Corner)
  Requirement:            5.000ns  (sys_clk_pin rise@10.000ns - sys_clk_pin fall@5.000ns)
  Data Path Delay:        3.066ns  (logic 0.583ns (19.012%)  route 2.483ns (80.988%))
  Logic Levels:           1  (LUT4=1)
  Clock Path Skew:        -0.041ns (DCD - SCD + CPR)
    Destination Clock Delay (DCD):    4.789ns = ( 14.789 - 10.000 ) 
    Source Clock Delay      (SCD):    5.090ns = ( 10.090 - 5.000 ) 
    Clock Pessimism Removal (CPR):    0.260ns
  Clock Uncertainty:      0.035ns  ((TSJ^2 + TIJ^2)^1/2 + DJ) / 2 + PE
    Total System Jitter     (TSJ):    0.071ns
    Total Input Jitter      (TIJ):    0.000ns
    Discrete Jitter          (DJ):    0.000ns
    Phase Error              (PE):    0.000ns

    Location             Delay type                Incr(ns)  Path(ns)    Netlist Resource(s)
  -------------------------------------------------------------------    -------------------
                         (clock sys_clk_pin fall edge)
                                                      5.000     5.000 f  
    W5                                                0.000     5.000 f  clk (IN)
                         net (fo=0)                   0.000     5.000    clk
    W5                   IBUF (Prop_ibuf_I_O)         1.458     6.458 f  clk_IBUF_inst/O
                         net (fo=1, routed)           1.967     8.425    clk_IBUF
    BUFGCTRL_X0Y1        BUFG (Prop_bufg_I_O)         0.096     8.521 f  clk_IBUF_BUFG_inst/O
                         net (fo=202, routed)         1.569    10.090    command_handler_inst/IC1/clk_IBUF_BUFG
    SLICE_X55Y10         FDRE                                         r  command_handler_inst/IC1/H_stand_reg[2]/C  (IS_INVERTED)
  -------------------------------------------------------------------    -------------------
    SLICE_X55Y10         FDRE (Prop_fdre_C_Q)         0.459    10.549 f  command_handler_inst/IC1/H_stand_reg[2]/Q
                         net (fo=24, routed)          1.544    12.094    command_handler_inst/IC1/H_stand[2]
    SLICE_X59Y9          LUT4 (Prop_lut4_I0_O)        0.124    12.218 r  command_handler_inst/IC1/int_mem_data_in_a[30]_i_1/O
                         net (fo=29, routed)          0.939    13.157    command_handler_inst/IC1_n_0
    SLICE_X56Y13         FDRE                                         r  command_handler_inst/int_mem_data_in_a_reg[18]/R
  -------------------------------------------------------------------    -------------------

                         (clock sys_clk_pin rise edge)
                                                     10.000    10.000 r  
    W5                                                0.000    10.000 r  clk (IN)
                         net (fo=0)                   0.000    10.000    clk
    W5                   IBUF (Prop_ibuf_I_O)         1.388    11.388 r  clk_IBUF_inst/O
                         net (fo=1, routed)           1.862    13.250    clk_IBUF
    BUFGCTRL_X0Y1        BUFG (Prop_bufg_I_O)         0.091    13.341 r  clk_IBUF_BUFG_inst/O
                         net (fo=202, routed)         1.448    14.789    command_handler_inst/clk_IBUF_BUFG
    SLICE_X56Y13         FDRE                                         r  command_handler_inst/int_mem_data_in_a_reg[18]/C
                         clock pessimism              0.260    15.049    
                         clock uncertainty           -0.035    15.014    
    SLICE_X56Y13         FDRE (Setup_fdre_C_R)       -0.524    14.490    command_handler_inst/int_mem_data_in_a_reg[18]
  -------------------------------------------------------------------
                         required time                         14.490    
                         arrival time                         -13.157    
  -------------------------------------------------------------------
                         slack                                  1.333    

Slack (MET) :             1.333ns  (required time - arrival time)
  Source:                 command_handler_inst/IC1/H_stand_reg[2]/C
                            (falling edge-triggered cell FDRE clocked by sys_clk_pin  {rise@0.000ns fall@5.000ns period=10.000ns})
  Destination:            command_handler_inst/int_mem_data_in_a_reg[22]/R
                            (rising edge-triggered cell FDRE clocked by sys_clk_pin  {rise@0.000ns fall@5.000ns period=10.000ns})
  Path Group:             sys_clk_pin
  Path Type:              Setup (Max at Slow Process Corner)
  Requirement:            5.000ns  (sys_clk_pin rise@10.000ns - sys_clk_pin fall@5.000ns)
  Data Path Delay:        3.066ns  (logic 0.583ns (19.012%)  route 2.483ns (80.988%))
  Logic Levels:           1  (LUT4=1)
  Clock Path Skew:        -0.041ns (DCD - SCD + CPR)
    Destination Clock Delay (DCD):    4.789ns = ( 14.789 - 10.000 ) 
    Source Clock Delay      (SCD):    5.090ns = ( 10.090 - 5.000 ) 
    Clock Pessimism Removal (CPR):    0.260ns
  Clock Uncertainty:      0.035ns  ((TSJ^2 + TIJ^2)^1/2 + DJ) / 2 + PE
    Total System Jitter     (TSJ):    0.071ns
    Total Input Jitter      (TIJ):    0.000ns
    Discrete Jitter          (DJ):    0.000ns
    Phase Error              (PE):    0.000ns

    Location             Delay type                Incr(ns)  Path(ns)    Netlist Resource(s)
  -------------------------------------------------------------------    -------------------
                         (clock sys_clk_pin fall edge)
                                                      5.000     5.000 f  
    W5                                                0.000     5.000 f  clk (IN)
                         net (fo=0)                   0.000     5.000    clk
    W5                   IBUF (Prop_ibuf_I_O)         1.458     6.458 f  clk_IBUF_inst/O
                         net (fo=1, routed)           1.967     8.425    clk_IBUF
    BUFGCTRL_X0Y1        BUFG (Prop_bufg_I_O)         0.096     8.521 f  clk_IBUF_BUFG_inst/O
                         net (fo=202, routed)         1.569    10.090    command_handler_inst/IC1/clk_IBUF_BUFG
    SLICE_X55Y10         FDRE                                         r  command_handler_inst/IC1/H_stand_reg[2]/C  (IS_INVERTED)
  -------------------------------------------------------------------    -------------------
    SLICE_X55Y10         FDRE (Prop_fdre_C_Q)         0.459    10.549 f  command_handler_inst/IC1/H_stand_reg[2]/Q
                         net (fo=24, routed)          1.544    12.094    command_handler_inst/IC1/H_stand[2]
    SLICE_X59Y9          LUT4 (Prop_lut4_I0_O)        0.124    12.218 r  command_handler_inst/IC1/int_mem_data_in_a[30]_i_1/O
                         net (fo=29, routed)          0.939    13.157    command_handler_inst/IC1_n_0
    SLICE_X56Y13         FDRE                                         r  command_handler_inst/int_mem_data_in_a_reg[22]/R
  -------------------------------------------------------------------    -------------------

                         (clock sys_clk_pin rise edge)
                                                     10.000    10.000 r  
    W5                                                0.000    10.000 r  clk (IN)
                         net (fo=0)                   0.000    10.000    clk
    W5                   IBUF (Prop_ibuf_I_O)         1.388    11.388 r  clk_IBUF_inst/O
                         net (fo=1, routed)           1.862    13.250    clk_IBUF
    BUFGCTRL_X0Y1        BUFG (Prop_bufg_I_O)         0.091    13.341 r  clk_IBUF_BUFG_inst/O
                         net (fo=202, routed)         1.448    14.789    command_handler_inst/clk_IBUF_BUFG
    SLICE_X56Y13         FDRE                                         r  command_handler_inst/int_mem_data_in_a_reg[22]/C
                         clock pessimism              0.260    15.049    
                         clock uncertainty           -0.035    15.014    
    SLICE_X56Y13         FDRE (Setup_fdre_C_R)       -0.524    14.490    command_handler_inst/int_mem_data_in_a_reg[22]
  -------------------------------------------------------------------
                         required time                         14.490    
                         arrival time                         -13.157    
  -------------------------------------------------------------------
                         slack                                  1.333    

Slack (MET) :             1.333ns  (required time - arrival time)
  Source:                 command_handler_inst/IC1/H_stand_reg[2]/C
                            (falling edge-triggered cell FDRE clocked by sys_clk_pin  {rise@0.000ns fall@5.000ns period=10.000ns})
  Destination:            command_handler_inst/int_mem_data_in_a_reg[6]/R
                            (rising edge-triggered cell FDRE clocked by sys_clk_pin  {rise@0.000ns fall@5.000ns period=10.000ns})
  Path Group:             sys_clk_pin
  Path Type:              Setup (Max at Slow Process Corner)
  Requirement:            5.000ns  (sys_clk_pin rise@10.000ns - sys_clk_pin fall@5.000ns)
  Data Path Delay:        3.066ns  (logic 0.583ns (19.012%)  route 2.483ns (80.988%))
  Logic Levels:           1  (LUT4=1)
  Clock Path Skew:        -0.041ns (DCD - SCD + CPR)
    Destination Clock Delay (DCD):    4.789ns = ( 14.789 - 10.000 ) 
    Source Clock Delay      (SCD):    5.090ns = ( 10.090 - 5.000 ) 
    Clock Pessimism Removal (CPR):    0.260ns
  Clock Uncertainty:      0.035ns  ((TSJ^2 + TIJ^2)^1/2 + DJ) / 2 + PE
    Total System Jitter     (TSJ):    0.071ns
    Total Input Jitter      (TIJ):    0.000ns
    Discrete Jitter          (DJ):    0.000ns
    Phase Error              (PE):    0.000ns

    Location             Delay type                Incr(ns)  Path(ns)    Netlist Resource(s)
  -------------------------------------------------------------------    -------------------
                         (clock sys_clk_pin fall edge)
                                                      5.000     5.000 f  
    W5                                                0.000     5.000 f  clk (IN)
                         net (fo=0)                   0.000     5.000    clk
    W5                   IBUF (Prop_ibuf_I_O)         1.458     6.458 f  clk_IBUF_inst/O
                         net (fo=1, routed)           1.967     8.425    clk_IBUF
    BUFGCTRL_X0Y1        BUFG (Prop_bufg_I_O)         0.096     8.521 f  clk_IBUF_BUFG_inst/O
                         net (fo=202, routed)         1.569    10.090    command_handler_inst/IC1/clk_IBUF_BUFG
    SLICE_X55Y10         FDRE                                         r  command_handler_inst/IC1/H_stand_reg[2]/C  (IS_INVERTED)
  -------------------------------------------------------------------    -------------------
    SLICE_X55Y10         FDRE (Prop_fdre_C_Q)         0.459    10.549 f  command_handler_inst/IC1/H_stand_reg[2]/Q
                         net (fo=24, routed)          1.544    12.094    command_handler_inst/IC1/H_stand[2]
    SLICE_X59Y9          LUT4 (Prop_lut4_I0_O)        0.124    12.218 r  command_handler_inst/IC1/int_mem_data_in_a[30]_i_1/O
                         net (fo=29, routed)          0.939    13.157    command_handler_inst/IC1_n_0
    SLICE_X56Y13         FDRE                                         r  command_handler_inst/int_mem_data_in_a_reg[6]/R
  -------------------------------------------------------------------    -------------------

                         (clock sys_clk_pin rise edge)
                                                     10.000    10.000 r  
    W5                                                0.000    10.000 r  clk (IN)
                         net (fo=0)                   0.000    10.000    clk
    W5                   IBUF (Prop_ibuf_I_O)         1.388    11.388 r  clk_IBUF_inst/O
                         net (fo=1, routed)           1.862    13.250    clk_IBUF
    BUFGCTRL_X0Y1        BUFG (Prop_bufg_I_O)         0.091    13.341 r  clk_IBUF_BUFG_inst/O
                         net (fo=202, routed)         1.448    14.789    command_handler_inst/clk_IBUF_BUFG
    SLICE_X56Y13         FDRE                                         r  command_handler_inst/int_mem_data_in_a_reg[6]/C
                         clock pessimism              0.260    15.049    
                         clock uncertainty           -0.035    15.014    
    SLICE_X56Y13         FDRE (Setup_fdre_C_R)       -0.524    14.490    command_handler_inst/int_mem_data_in_a_reg[6]
  -------------------------------------------------------------------
                         required time                         14.490    
                         arrival time                         -13.157    
  -------------------------------------------------------------------
                         slack                                  1.333    

Slack (MET) :             1.487ns  (required time - arrival time)
  Source:                 command_handler_inst/IC1/H_stand_reg[2]/C
                            (falling edge-triggered cell FDRE clocked by sys_clk_pin  {rise@0.000ns fall@5.000ns period=10.000ns})
  Destination:            command_handler_inst/int_mem_data_in_a_reg[11]/R
                            (rising edge-triggered cell FDRE clocked by sys_clk_pin  {rise@0.000ns fall@5.000ns period=10.000ns})
  Path Group:             sys_clk_pin
  Path Type:              Setup (Max at Slow Process Corner)
  Requirement:            5.000ns  (sys_clk_pin rise@10.000ns - sys_clk_pin fall@5.000ns)
  Data Path Delay:        2.914ns  (logic 0.583ns (20.005%)  route 2.331ns (79.995%))
  Logic Levels:           1  (LUT4=1)
  Clock Path Skew:        -0.039ns (DCD - SCD + CPR)
    Destination Clock Delay (DCD):    4.791ns = ( 14.791 - 10.000 ) 
    Source Clock Delay      (SCD):    5.090ns = ( 10.090 - 5.000 ) 
    Clock Pessimism Removal (CPR):    0.260ns
  Clock Uncertainty:      0.035ns  ((TSJ^2 + TIJ^2)^1/2 + DJ) / 2 + PE
    Total System Jitter     (TSJ):    0.071ns
    Total Input Jitter      (TIJ):    0.000ns
    Discrete Jitter          (DJ):    0.000ns
    Phase Error              (PE):    0.000ns

    Location             Delay type                Incr(ns)  Path(ns)    Netlist Resource(s)
  -------------------------------------------------------------------    -------------------
                         (clock sys_clk_pin fall edge)
                                                      5.000     5.000 f  
    W5                                                0.000     5.000 f  clk (IN)
                         net (fo=0)                   0.000     5.000    clk
    W5                   IBUF (Prop_ibuf_I_O)         1.458     6.458 f  clk_IBUF_inst/O
                         net (fo=1, routed)           1.967     8.425    clk_IBUF
    BUFGCTRL_X0Y1        BUFG (Prop_bufg_I_O)         0.096     8.521 f  clk_IBUF_BUFG_inst/O
                         net (fo=202, routed)         1.569    10.090    command_handler_inst/IC1/clk_IBUF_BUFG
    SLICE_X55Y10         FDRE                                         r  command_handler_inst/IC1/H_stand_reg[2]/C  (IS_INVERTED)
  -------------------------------------------------------------------    -------------------
    SLICE_X55Y10         FDRE (Prop_fdre_C_Q)         0.459    10.549 f  command_handler_inst/IC1/H_stand_reg[2]/Q
                         net (fo=24, routed)          1.544    12.094    command_handler_inst/IC1/H_stand[2]
    SLICE_X59Y9          LUT4 (Prop_lut4_I0_O)        0.124    12.218 r  command_handler_inst/IC1/int_mem_data_in_a[30]_i_1/O
                         net (fo=29, routed)          0.787    13.005    command_handler_inst/IC1_n_0
    SLICE_X56Y11         FDRE                                         r  command_handler_inst/int_mem_data_in_a_reg[11]/R
  -------------------------------------------------------------------    -------------------

                         (clock sys_clk_pin rise edge)
                                                     10.000    10.000 r  
    W5                                                0.000    10.000 r  clk (IN)
                         net (fo=0)                   0.000    10.000    clk
    W5                   IBUF (Prop_ibuf_I_O)         1.388    11.388 r  clk_IBUF_inst/O
                         net (fo=1, routed)           1.862    13.250    clk_IBUF
    BUFGCTRL_X0Y1        BUFG (Prop_bufg_I_O)         0.091    13.341 r  clk_IBUF_BUFG_inst/O
                         net (fo=202, routed)         1.450    14.791    command_handler_inst/clk_IBUF_BUFG
    SLICE_X56Y11         FDRE                                         r  command_handler_inst/int_mem_data_in_a_reg[11]/C
                         clock pessimism              0.260    15.051    
                         clock uncertainty           -0.035    15.016    
    SLICE_X56Y11         FDRE (Setup_fdre_C_R)       -0.524    14.492    command_handler_inst/int_mem_data_in_a_reg[11]
  -------------------------------------------------------------------
                         required time                         14.492    
                         arrival time                         -13.005    
  -------------------------------------------------------------------
                         slack                                  1.487    

Slack (MET) :             1.487ns  (required time - arrival time)
  Source:                 command_handler_inst/IC1/H_stand_reg[2]/C
                            (falling edge-triggered cell FDRE clocked by sys_clk_pin  {rise@0.000ns fall@5.000ns period=10.000ns})
  Destination:            command_handler_inst/int_mem_data_in_a_reg[12]/R
                            (rising edge-triggered cell FDRE clocked by sys_clk_pin  {rise@0.000ns fall@5.000ns period=10.000ns})
  Path Group:             sys_clk_pin
  Path Type:              Setup (Max at Slow Process Corner)
  Requirement:            5.000ns  (sys_clk_pin rise@10.000ns - sys_clk_pin fall@5.000ns)
  Data Path Delay:        2.914ns  (logic 0.583ns (20.005%)  route 2.331ns (79.995%))
  Logic Levels:           1  (LUT4=1)
  Clock Path Skew:        -0.039ns (DCD - SCD + CPR)
    Destination Clock Delay (DCD):    4.791ns = ( 14.791 - 10.000 ) 
    Source Clock Delay      (SCD):    5.090ns = ( 10.090 - 5.000 ) 
    Clock Pessimism Removal (CPR):    0.260ns
  Clock Uncertainty:      0.035ns  ((TSJ^2 + TIJ^2)^1/2 + DJ) / 2 + PE
    Total System Jitter     (TSJ):    0.071ns
    Total Input Jitter      (TIJ):    0.000ns
    Discrete Jitter          (DJ):    0.000ns
    Phase Error              (PE):    0.000ns

    Location             Delay type                Incr(ns)  Path(ns)    Netlist Resource(s)
  -------------------------------------------------------------------    -------------------
                         (clock sys_clk_pin fall edge)
                                                      5.000     5.000 f  
    W5                                                0.000     5.000 f  clk (IN)
                         net (fo=0)                   0.000     5.000    clk
    W5                   IBUF (Prop_ibuf_I_O)         1.458     6.458 f  clk_IBUF_inst/O
                         net (fo=1, routed)           1.967     8.425    clk_IBUF
    BUFGCTRL_X0Y1        BUFG (Prop_bufg_I_O)         0.096     8.521 f  clk_IBUF_BUFG_inst/O
                         net (fo=202, routed)         1.569    10.090    command_handler_inst/IC1/clk_IBUF_BUFG
    SLICE_X55Y10         FDRE                                         r  command_handler_inst/IC1/H_stand_reg[2]/C  (IS_INVERTED)
  -------------------------------------------------------------------    -------------------
    SLICE_X55Y10         FDRE (Prop_fdre_C_Q)         0.459    10.549 f  command_handler_inst/IC1/H_stand_reg[2]/Q
                         net (fo=24, routed)          1.544    12.094    command_handler_inst/IC1/H_stand[2]
    SLICE_X59Y9          LUT4 (Prop_lut4_I0_O)        0.124    12.218 r  command_handler_inst/IC1/int_mem_data_in_a[30]_i_1/O
                         net (fo=29, routed)          0.787    13.005    command_handler_inst/IC1_n_0
    SLICE_X56Y11         FDRE                                         r  command_handler_inst/int_mem_data_in_a_reg[12]/R
  -------------------------------------------------------------------    -------------------

                         (clock sys_clk_pin rise edge)
                                                     10.000    10.000 r  
    W5                                                0.000    10.000 r  clk (IN)
                         net (fo=0)                   0.000    10.000    clk
    W5                   IBUF (Prop_ibuf_I_O)         1.388    11.388 r  clk_IBUF_inst/O
                         net (fo=1, routed)           1.862    13.250    clk_IBUF
    BUFGCTRL_X0Y1        BUFG (Prop_bufg_I_O)         0.091    13.341 r  clk_IBUF_BUFG_inst/O
                         net (fo=202, routed)         1.450    14.791    command_handler_inst/clk_IBUF_BUFG
    SLICE_X56Y11         FDRE                                         r  command_handler_inst/int_mem_data_in_a_reg[12]/C
                         clock pessimism              0.260    15.051    
                         clock uncertainty           -0.035    15.016    
    SLICE_X56Y11         FDRE (Setup_fdre_C_R)       -0.524    14.492    command_handler_inst/int_mem_data_in_a_reg[12]
  -------------------------------------------------------------------
                         required time                         14.492    
                         arrival time                         -13.005    
  -------------------------------------------------------------------
                         slack                                  1.487    

Slack (MET) :             1.487ns  (required time - arrival time)
  Source:                 command_handler_inst/IC1/H_stand_reg[2]/C
                            (falling edge-triggered cell FDRE clocked by sys_clk_pin  {rise@0.000ns fall@5.000ns period=10.000ns})
  Destination:            command_handler_inst/int_mem_data_in_a_reg[13]/R
                            (rising edge-triggered cell FDRE clocked by sys_clk_pin  {rise@0.000ns fall@5.000ns period=10.000ns})
  Path Group:             sys_clk_pin
  Path Type:              Setup (Max at Slow Process Corner)
  Requirement:            5.000ns  (sys_clk_pin rise@10.000ns - sys_clk_pin fall@5.000ns)
  Data Path Delay:        2.914ns  (logic 0.583ns (20.005%)  route 2.331ns (79.995%))
  Logic Levels:           1  (LUT4=1)
  Clock Path Skew:        -0.039ns (DCD - SCD + CPR)
    Destination Clock Delay (DCD):    4.791ns = ( 14.791 - 10.000 ) 
    Source Clock Delay      (SCD):    5.090ns = ( 10.090 - 5.000 ) 
    Clock Pessimism Removal (CPR):    0.260ns
  Clock Uncertainty:      0.035ns  ((TSJ^2 + TIJ^2)^1/2 + DJ) / 2 + PE
    Total System Jitter     (TSJ):    0.071ns
    Total Input Jitter      (TIJ):    0.000ns
    Discrete Jitter          (DJ):    0.000ns
    Phase Error              (PE):    0.000ns

    Location             Delay type                Incr(ns)  Path(ns)    Netlist Resource(s)
  -------------------------------------------------------------------    -------------------
                         (clock sys_clk_pin fall edge)
                                                      5.000     5.000 f  
    W5                                                0.000     5.000 f  clk (IN)
                         net (fo=0)                   0.000     5.000    clk
    W5                   IBUF (Prop_ibuf_I_O)         1.458     6.458 f  clk_IBUF_inst/O
                         net (fo=1, routed)           1.967     8.425    clk_IBUF
    BUFGCTRL_X0Y1        BUFG (Prop_bufg_I_O)         0.096     8.521 f  clk_IBUF_BUFG_inst/O
                         net (fo=202, routed)         1.569    10.090    command_handler_inst/IC1/clk_IBUF_BUFG
    SLICE_X55Y10         FDRE                                         r  command_handler_inst/IC1/H_stand_reg[2]/C  (IS_INVERTED)
  -------------------------------------------------------------------    -------------------
    SLICE_X55Y10         FDRE (Prop_fdre_C_Q)         0.459    10.549 f  command_handler_inst/IC1/H_stand_reg[2]/Q
                         net (fo=24, routed)          1.544    12.094    command_handler_inst/IC1/H_stand[2]
    SLICE_X59Y9          LUT4 (Prop_lut4_I0_O)        0.124    12.218 r  command_handler_inst/IC1/int_mem_data_in_a[30]_i_1/O
                         net (fo=29, routed)          0.787    13.005    command_handler_inst/IC1_n_0
    SLICE_X56Y11         FDRE                                         r  command_handler_inst/int_mem_data_in_a_reg[13]/R
  -------------------------------------------------------------------    -------------------

                         (clock sys_clk_pin rise edge)
                                                     10.000    10.000 r  
    W5                                                0.000    10.000 r  clk (IN)
                         net (fo=0)                   0.000    10.000    clk
    W5                   IBUF (Prop_ibuf_I_O)         1.388    11.388 r  clk_IBUF_inst/O
                         net (fo=1, routed)           1.862    13.250    clk_IBUF
    BUFGCTRL_X0Y1        BUFG (Prop_bufg_I_O)         0.091    13.341 r  clk_IBUF_BUFG_inst/O
                         net (fo=202, routed)         1.450    14.791    command_handler_inst/clk_IBUF_BUFG
    SLICE_X56Y11         FDRE                                         r  command_handler_inst/int_mem_data_in_a_reg[13]/C
                         clock pessimism              0.260    15.051    
                         clock uncertainty           -0.035    15.016    
    SLICE_X56Y11         FDRE (Setup_fdre_C_R)       -0.524    14.492    command_handler_inst/int_mem_data_in_a_reg[13]
  -------------------------------------------------------------------
                         required time                         14.492    
                         arrival time                         -13.005    
  -------------------------------------------------------------------
                         slack                                  1.487    

Slack (MET) :             1.487ns  (required time - arrival time)
  Source:                 command_handler_inst/IC1/H_stand_reg[2]/C
                            (falling edge-triggered cell FDRE clocked by sys_clk_pin  {rise@0.000ns fall@5.000ns period=10.000ns})
  Destination:            command_handler_inst/int_mem_data_in_a_reg[14]/R
                            (rising edge-triggered cell FDRE clocked by sys_clk_pin  {rise@0.000ns fall@5.000ns period=10.000ns})
  Path Group:             sys_clk_pin
  Path Type:              Setup (Max at Slow Process Corner)
  Requirement:            5.000ns  (sys_clk_pin rise@10.000ns - sys_clk_pin fall@5.000ns)
  Data Path Delay:        2.914ns  (logic 0.583ns (20.005%)  route 2.331ns (79.995%))
  Logic Levels:           1  (LUT4=1)
  Clock Path Skew:        -0.039ns (DCD - SCD + CPR)
    Destination Clock Delay (DCD):    4.791ns = ( 14.791 - 10.000 ) 
    Source Clock Delay      (SCD):    5.090ns = ( 10.090 - 5.000 ) 
    Clock Pessimism Removal (CPR):    0.260ns
  Clock Uncertainty:      0.035ns  ((TSJ^2 + TIJ^2)^1/2 + DJ) / 2 + PE
    Total System Jitter     (TSJ):    0.071ns
    Total Input Jitter      (TIJ):    0.000ns
    Discrete Jitter          (DJ):    0.000ns
    Phase Error              (PE):    0.000ns

    Location             Delay type                Incr(ns)  Path(ns)    Netlist Resource(s)
  -------------------------------------------------------------------    -------------------
                         (clock sys_clk_pin fall edge)
                                                      5.000     5.000 f  
    W5                                                0.000     5.000 f  clk (IN)
                         net (fo=0)                   0.000     5.000    clk
    W5                   IBUF (Prop_ibuf_I_O)         1.458     6.458 f  clk_IBUF_inst/O
                         net (fo=1, routed)           1.967     8.425    clk_IBUF
    BUFGCTRL_X0Y1        BUFG (Prop_bufg_I_O)         0.096     8.521 f  clk_IBUF_BUFG_inst/O
                         net (fo=202, routed)         1.569    10.090    command_handler_inst/IC1/clk_IBUF_BUFG
    SLICE_X55Y10         FDRE                                         r  command_handler_inst/IC1/H_stand_reg[2]/C  (IS_INVERTED)
  -------------------------------------------------------------------    -------------------
    SLICE_X55Y10         FDRE (Prop_fdre_C_Q)         0.459    10.549 f  command_handler_inst/IC1/H_stand_reg[2]/Q
                         net (fo=24, routed)          1.544    12.094    command_handler_inst/IC1/H_stand[2]
    SLICE_X59Y9          LUT4 (Prop_lut4_I0_O)        0.124    12.218 r  command_handler_inst/IC1/int_mem_data_in_a[30]_i_1/O
                         net (fo=29, routed)          0.787    13.005    command_handler_inst/IC1_n_0
    SLICE_X56Y11         FDRE                                         r  command_handler_inst/int_mem_data_in_a_reg[14]/R
  -------------------------------------------------------------------    -------------------

                         (clock sys_clk_pin rise edge)
                                                     10.000    10.000 r  
    W5                                                0.000    10.000 r  clk (IN)
                         net (fo=0)                   0.000    10.000    clk
    W5                   IBUF (Prop_ibuf_I_O)         1.388    11.388 r  clk_IBUF_inst/O
                         net (fo=1, routed)           1.862    13.250    clk_IBUF
    BUFGCTRL_X0Y1        BUFG (Prop_bufg_I_O)         0.091    13.341 r  clk_IBUF_BUFG_inst/O
                         net (fo=202, routed)         1.450    14.791    command_handler_inst/clk_IBUF_BUFG
    SLICE_X56Y11         FDRE                                         r  command_handler_inst/int_mem_data_in_a_reg[14]/C
                         clock pessimism              0.260    15.051    
                         clock uncertainty           -0.035    15.016    
    SLICE_X56Y11         FDRE (Setup_fdre_C_R)       -0.524    14.492    command_handler_inst/int_mem_data_in_a_reg[14]
  -------------------------------------------------------------------
                         required time                         14.492    
                         arrival time                         -13.005    
  -------------------------------------------------------------------
                         slack                                  1.487    

Slack (MET) :             1.501ns  (required time - arrival time)
  Source:                 command_handler_inst/IC1/H_stand_reg[2]/C
                            (falling edge-triggered cell FDRE clocked by sys_clk_pin  {rise@0.000ns fall@5.000ns period=10.000ns})
  Destination:            command_handler_inst/int_mem_data_in_a_reg[24]/R
                            (rising edge-triggered cell FDRE clocked by sys_clk_pin  {rise@0.000ns fall@5.000ns period=10.000ns})
  Path Group:             sys_clk_pin
  Path Type:              Setup (Max at Slow Process Corner)
  Requirement:            5.000ns  (sys_clk_pin rise@10.000ns - sys_clk_pin fall@5.000ns)
  Data Path Delay:        2.900ns  (logic 0.583ns (20.105%)  route 2.317ns (79.895%))
  Logic Levels:           1  (LUT4=1)
  Clock Path Skew:        -0.040ns (DCD - SCD + CPR)
    Destination Clock Delay (DCD):    4.790ns = ( 14.790 - 10.000 ) 
    Source Clock Delay      (SCD):    5.090ns = ( 10.090 - 5.000 ) 
    Clock Pessimism Removal (CPR):    0.260ns
  Clock Uncertainty:      0.035ns  ((TSJ^2 + TIJ^2)^1/2 + DJ) / 2 + PE
    Total System Jitter     (TSJ):    0.071ns
    Total Input Jitter      (TIJ):    0.000ns
    Discrete Jitter          (DJ):    0.000ns
    Phase Error              (PE):    0.000ns

    Location             Delay type                Incr(ns)  Path(ns)    Netlist Resource(s)
  -------------------------------------------------------------------    -------------------
                         (clock sys_clk_pin fall edge)
                                                      5.000     5.000 f  
    W5                                                0.000     5.000 f  clk (IN)
                         net (fo=0)                   0.000     5.000    clk
    W5                   IBUF (Prop_ibuf_I_O)         1.458     6.458 f  clk_IBUF_inst/O
                         net (fo=1, routed)           1.967     8.425    clk_IBUF
    BUFGCTRL_X0Y1        BUFG (Prop_bufg_I_O)         0.096     8.521 f  clk_IBUF_BUFG_inst/O
                         net (fo=202, routed)         1.569    10.090    command_handler_inst/IC1/clk_IBUF_BUFG
    SLICE_X55Y10         FDRE                                         r  command_handler_inst/IC1/H_stand_reg[2]/C  (IS_INVERTED)
  -------------------------------------------------------------------    -------------------
    SLICE_X55Y10         FDRE (Prop_fdre_C_Q)         0.459    10.549 f  command_handler_inst/IC1/H_stand_reg[2]/Q
                         net (fo=24, routed)          1.544    12.094    command_handler_inst/IC1/H_stand[2]
    SLICE_X59Y9          LUT4 (Prop_lut4_I0_O)        0.124    12.218 r  command_handler_inst/IC1/int_mem_data_in_a[30]_i_1/O
                         net (fo=29, routed)          0.773    12.990    command_handler_inst/IC1_n_0
    SLICE_X56Y12         FDRE                                         r  command_handler_inst/int_mem_data_in_a_reg[24]/R
  -------------------------------------------------------------------    -------------------

                         (clock sys_clk_pin rise edge)
                                                     10.000    10.000 r  
    W5                                                0.000    10.000 r  clk (IN)
                         net (fo=0)                   0.000    10.000    clk
    W5                   IBUF (Prop_ibuf_I_O)         1.388    11.388 r  clk_IBUF_inst/O
                         net (fo=1, routed)           1.862    13.250    clk_IBUF
    BUFGCTRL_X0Y1        BUFG (Prop_bufg_I_O)         0.091    13.341 r  clk_IBUF_BUFG_inst/O
                         net (fo=202, routed)         1.449    14.790    command_handler_inst/clk_IBUF_BUFG
    SLICE_X56Y12         FDRE                                         r  command_handler_inst/int_mem_data_in_a_reg[24]/C
                         clock pessimism              0.260    15.050    
                         clock uncertainty           -0.035    15.015    
    SLICE_X56Y12         FDRE (Setup_fdre_C_R)       -0.524    14.491    command_handler_inst/int_mem_data_in_a_reg[24]
  -------------------------------------------------------------------
                         required time                         14.491    
                         arrival time                         -12.990    
  -------------------------------------------------------------------
                         slack                                  1.501    





Min Delay Paths
--------------------------------------------------------------------------------------
Slack (MET) :             0.123ns  (arrival time - required time)
  Source:                 command_handler_inst/int_mem_data_in_a_reg[19]/C
                            (rising edge-triggered cell FDRE clocked by sys_clk_pin  {rise@0.000ns fall@5.000ns period=10.000ns})
  Destination:            <hidden>
                            (rising edge-triggered cell RAMB18E1 clocked by sys_clk_pin  {rise@0.000ns fall@5.000ns period=10.000ns})
  Path Group:             sys_clk_pin
  Path Type:              Hold (Min at Fast Process Corner)
  Requirement:            0.000ns  (sys_clk_pin rise@0.000ns - sys_clk_pin rise@0.000ns)
  Data Path Delay:        0.471ns  (logic 0.141ns (29.949%)  route 0.330ns (70.051%))
  Logic Levels:           0  
  Clock Path Skew:        0.051ns (DCD - SCD - CPR)
    Destination Clock Delay (DCD):    2.005ns
    Source Clock Delay      (SCD):    1.475ns
    Clock Pessimism Removal (CPR):    0.478ns

    Location             Delay type                Incr(ns)  Path(ns)    Netlist Resource(s)
  -------------------------------------------------------------------    -------------------
                         (clock sys_clk_pin rise edge)
                                                      0.000     0.000 r  
    W5                                                0.000     0.000 r  clk (IN)
                         net (fo=0)                   0.000     0.000    clk
    W5                   IBUF (Prop_ibuf_I_O)         0.226     0.226 r  clk_IBUF_inst/O
                         net (fo=1, routed)           0.631     0.858    clk_IBUF
    BUFGCTRL_X0Y1        BUFG (Prop_bufg_I_O)         0.026     0.884 r  clk_IBUF_BUFG_inst/O
                         net (fo=202, routed)         0.592     1.475    command_handler_inst/clk_IBUF_BUFG
    SLICE_X58Y11         FDRE                                         r  command_handler_inst/int_mem_data_in_a_reg[19]/C
  -------------------------------------------------------------------    -------------------
    SLICE_X58Y11         FDRE (Prop_fdre_C_Q)         0.141     1.616 r  command_handler_inst/int_mem_data_in_a_reg[19]/Q
                         net (fo=1, routed)           0.330     1.946    <hidden>
    RAMB18_X2Y5          RAMB18E1                                     r  <hidden>
  -------------------------------------------------------------------    -------------------

                         (clock sys_clk_pin rise edge)
                                                      0.000     0.000 r  
    W5                                                0.000     0.000 r  clk (IN)
                         net (fo=0)                   0.000     0.000    clk
    W5                   IBUF (Prop_ibuf_I_O)         0.414     0.414 r  clk_IBUF_inst/O
                         net (fo=1, routed)           0.685     1.099    clk_IBUF
    BUFGCTRL_X0Y1        BUFG (Prop_bufg_I_O)         0.029     1.128 r  clk_IBUF_BUFG_inst/O
                         net (fo=202, routed)         0.877     2.005    <hidden>
    RAMB18_X2Y5          RAMB18E1                                     r  <hidden>
                         clock pessimism             -0.478     1.527    
    RAMB18_X2Y5          RAMB18E1 (Hold_ramb18e1_CLKBWRCLK_DIBDI[3])
                                                      0.296     1.823    <hidden>
  -------------------------------------------------------------------
                         required time                         -1.823    
                         arrival time                           1.946    
  -------------------------------------------------------------------
                         slack                                  0.123    

Slack (MET) :             0.136ns  (arrival time - required time)
  Source:                 command_handler_inst/int_mem_data_in_a_reg[7]/C
                            (rising edge-triggered cell FDRE clocked by sys_clk_pin  {rise@0.000ns fall@5.000ns period=10.000ns})
  Destination:            <hidden>
                            (rising edge-triggered cell RAMB18E1 clocked by sys_clk_pin  {rise@0.000ns fall@5.000ns period=10.000ns})
  Path Group:             sys_clk_pin
  Path Type:              Hold (Min at Fast Process Corner)
  Requirement:            0.000ns  (sys_clk_pin rise@0.000ns - sys_clk_pin rise@0.000ns)
  Data Path Delay:        0.483ns  (logic 0.141ns (29.172%)  route 0.342ns (70.828%))
  Logic Levels:           0  
  Clock Path Skew:        0.051ns (DCD - SCD - CPR)
    Destination Clock Delay (DCD):    2.005ns
    Source Clock Delay      (SCD):    1.475ns
    Clock Pessimism Removal (CPR):    0.478ns

    Location             Delay type                Incr(ns)  Path(ns)    Netlist Resource(s)
  -------------------------------------------------------------------    -------------------
                         (clock sys_clk_pin rise edge)
                                                      0.000     0.000 r  
    W5                                                0.000     0.000 r  clk (IN)
                         net (fo=0)                   0.000     0.000    clk
    W5                   IBUF (Prop_ibuf_I_O)         0.226     0.226 r  clk_IBUF_inst/O
                         net (fo=1, routed)           0.631     0.858    clk_IBUF
    BUFGCTRL_X0Y1        BUFG (Prop_bufg_I_O)         0.026     0.884 r  clk_IBUF_BUFG_inst/O
                         net (fo=202, routed)         0.592     1.475    command_handler_inst/clk_IBUF_BUFG
    SLICE_X59Y11         FDRE                                         r  command_handler_inst/int_mem_data_in_a_reg[7]/C
  -------------------------------------------------------------------    -------------------
    SLICE_X59Y11         FDRE (Prop_fdre_C_Q)         0.141     1.616 r  command_handler_inst/int_mem_data_in_a_reg[7]/Q
                         net (fo=1, routed)           0.342     1.958    <hidden>
    RAMB18_X2Y5          RAMB18E1                                     r  <hidden>
  -------------------------------------------------------------------    -------------------

                         (clock sys_clk_pin rise edge)
                                                      0.000     0.000 r  
    W5                                                0.000     0.000 r  clk (IN)
                         net (fo=0)                   0.000     0.000    clk
    W5                   IBUF (Prop_ibuf_I_O)         0.414     0.414 r  clk_IBUF_inst/O
                         net (fo=1, routed)           0.685     1.099    clk_IBUF
    BUFGCTRL_X0Y1        BUFG (Prop_bufg_I_O)         0.029     1.128 r  clk_IBUF_BUFG_inst/O
                         net (fo=202, routed)         0.877     2.005    <hidden>
    RAMB18_X2Y5          RAMB18E1                                     r  <hidden>
                         clock pessimism             -0.478     1.527    
    RAMB18_X2Y5          RAMB18E1 (Hold_ramb18e1_CLKBWRCLK_DIADI[7])
                                                      0.296     1.823    <hidden>
  -------------------------------------------------------------------
                         required time                         -1.823    
                         arrival time                           1.958    
  -------------------------------------------------------------------
                         slack                                  0.136    

Slack (MET) :             0.139ns  (arrival time - required time)
  Source:                 command_handler_inst/int_mem_data_in_a_reg[9]/C
                            (rising edge-triggered cell FDRE clocked by sys_clk_pin  {rise@0.000ns fall@5.000ns period=10.000ns})
  Destination:            <hidden>
                            (rising edge-triggered cell RAMB18E1 clocked by sys_clk_pin  {rise@0.000ns fall@5.000ns period=10.000ns})
  Path Group:             sys_clk_pin
  Path Type:              Hold (Min at Fast Process Corner)
  Requirement:            0.000ns  (sys_clk_pin rise@0.000ns - sys_clk_pin rise@0.000ns)
  Data Path Delay:        0.485ns  (logic 0.141ns (29.062%)  route 0.344ns (70.938%))
  Logic Levels:           0  
  Clock Path Skew:        0.050ns (DCD - SCD - CPR)
    Destination Clock Delay (DCD):    2.005ns
    Source Clock Delay      (SCD):    1.476ns
    Clock Pessimism Removal (CPR):    0.478ns

    Location             Delay type                Incr(ns)  Path(ns)    Netlist Resource(s)
  -------------------------------------------------------------------    -------------------
                         (clock sys_clk_pin rise edge)
                                                      0.000     0.000 r  
    W5                                                0.000     0.000 r  clk (IN)
                         net (fo=0)                   0.000     0.000    clk
    W5                   IBUF (Prop_ibuf_I_O)         0.226     0.226 r  clk_IBUF_inst/O
                         net (fo=1, routed)           0.631     0.858    clk_IBUF
    BUFGCTRL_X0Y1        BUFG (Prop_bufg_I_O)         0.026     0.884 r  clk_IBUF_BUFG_inst/O
                         net (fo=202, routed)         0.593     1.476    command_handler_inst/clk_IBUF_BUFG
    SLICE_X58Y8          FDRE                                         r  command_handler_inst/int_mem_data_in_a_reg[9]/C
  -------------------------------------------------------------------    -------------------
    SLICE_X58Y8          FDRE (Prop_fdre_C_Q)         0.141     1.617 r  command_handler_inst/int_mem_data_in_a_reg[9]/Q
                         net (fo=1, routed)           0.344     1.961    <hidden>
    RAMB18_X2Y5          RAMB18E1                                     r  <hidden>
  -------------------------------------------------------------------    -------------------

                         (clock sys_clk_pin rise edge)
                                                      0.000     0.000 r  
    W5                                                0.000     0.000 r  clk (IN)
                         net (fo=0)                   0.000     0.000    clk
    W5                   IBUF (Prop_ibuf_I_O)         0.414     0.414 r  clk_IBUF_inst/O
                         net (fo=1, routed)           0.685     1.099    clk_IBUF
    BUFGCTRL_X0Y1        BUFG (Prop_bufg_I_O)         0.029     1.128 r  clk_IBUF_BUFG_inst/O
                         net (fo=202, routed)         0.877     2.005    <hidden>
    RAMB18_X2Y5          RAMB18E1                                     r  <hidden>
                         clock pessimism             -0.478     1.527    
    RAMB18_X2Y5          RAMB18E1 (Hold_ramb18e1_CLKBWRCLK_DIADI[9])
                                                      0.296     1.823    <hidden>
  -------------------------------------------------------------------
                         required time                         -1.823    
                         arrival time                           1.961    
  -------------------------------------------------------------------
                         slack                                  0.139    

Slack (MET) :             0.139ns  (arrival time - required time)
  Source:                 command_handler_inst/int_mem_data_in_a_reg[10]/C
                            (rising edge-triggered cell FDRE clocked by sys_clk_pin  {rise@0.000ns fall@5.000ns period=10.000ns})
  Destination:            <hidden>
                            (rising edge-triggered cell RAMB18E1 clocked by sys_clk_pin  {rise@0.000ns fall@5.000ns period=10.000ns})
  Path Group:             sys_clk_pin
  Path Type:              Hold (Min at Fast Process Corner)
  Requirement:            0.000ns  (sys_clk_pin rise@0.000ns - sys_clk_pin rise@0.000ns)
  Data Path Delay:        0.486ns  (logic 0.141ns (29.038%)  route 0.345ns (70.962%))
  Logic Levels:           0  
  Clock Path Skew:        0.050ns (DCD - SCD - CPR)
    Destination Clock Delay (DCD):    2.005ns
    Source Clock Delay      (SCD):    1.476ns
    Clock Pessimism Removal (CPR):    0.478ns

    Location             Delay type                Incr(ns)  Path(ns)    Netlist Resource(s)
  -------------------------------------------------------------------    -------------------
                         (clock sys_clk_pin rise edge)
                                                      0.000     0.000 r  
    W5                                                0.000     0.000 r  clk (IN)
                         net (fo=0)                   0.000     0.000    clk
    W5                   IBUF (Prop_ibuf_I_O)         0.226     0.226 r  clk_IBUF_inst/O
                         net (fo=1, routed)           0.631     0.858    clk_IBUF
    BUFGCTRL_X0Y1        BUFG (Prop_bufg_I_O)         0.026     0.884 r  clk_IBUF_BUFG_inst/O
                         net (fo=202, routed)         0.593     1.476    command_handler_inst/clk_IBUF_BUFG
    SLICE_X59Y8          FDRE                                         r  command_handler_inst/int_mem_data_in_a_reg[10]/C
  -------------------------------------------------------------------    -------------------
    SLICE_X59Y8          FDRE (Prop_fdre_C_Q)         0.141     1.617 r  command_handler_inst/int_mem_data_in_a_reg[10]/Q
                         net (fo=1, routed)           0.345     1.962    <hidden>
    RAMB18_X2Y5          RAMB18E1                                     r  <hidden>
  -------------------------------------------------------------------    -------------------

                         (clock sys_clk_pin rise edge)
                                                      0.000     0.000 r  
    W5                                                0.000     0.000 r  clk (IN)
                         net (fo=0)                   0.000     0.000    clk
    W5                   IBUF (Prop_ibuf_I_O)         0.414     0.414 r  clk_IBUF_inst/O
                         net (fo=1, routed)           0.685     1.099    clk_IBUF
    BUFGCTRL_X0Y1        BUFG (Prop_bufg_I_O)         0.029     1.128 r  clk_IBUF_BUFG_inst/O
                         net (fo=202, routed)         0.877     2.005    <hidden>
    RAMB18_X2Y5          RAMB18E1                                     r  <hidden>
                         clock pessimism             -0.478     1.527    
    RAMB18_X2Y5          RAMB18E1 (Hold_ramb18e1_CLKBWRCLK_DIADI[10])
                                                      0.296     1.823    <hidden>
  -------------------------------------------------------------------
                         required time                         -1.823    
                         arrival time                           1.962    
  -------------------------------------------------------------------
                         slack                                  0.139    

Slack (MET) :             0.142ns  (arrival time - required time)
  Source:                 command_handler_inst/int_mem_data_in_a_reg[30]/C
                            (rising edge-triggered cell FDRE clocked by sys_clk_pin  {rise@0.000ns fall@5.000ns period=10.000ns})
  Destination:            <hidden>
                            (rising edge-triggered cell RAMB18E1 clocked by sys_clk_pin  {rise@0.000ns fall@5.000ns period=10.000ns})
  Path Group:             sys_clk_pin
  Path Type:              Hold (Min at Fast Process Corner)
  Requirement:            0.000ns  (sys_clk_pin rise@0.000ns - sys_clk_pin rise@0.000ns)
  Data Path Delay:        0.488ns  (logic 0.141ns (28.893%)  route 0.347ns (71.107%))
  Logic Levels:           0  
  Clock Path Skew:        0.050ns (DCD - SCD - CPR)
    Destination Clock Delay (DCD):    2.005ns
    Source Clock Delay      (SCD):    1.476ns
    Clock Pessimism Removal (CPR):    0.478ns

    Location             Delay type                Incr(ns)  Path(ns)    Netlist Resource(s)
  -------------------------------------------------------------------    -------------------
                         (clock sys_clk_pin rise edge)
                                                      0.000     0.000 r  
    W5                                                0.000     0.000 r  clk (IN)
                         net (fo=0)                   0.000     0.000    clk
    W5                   IBUF (Prop_ibuf_I_O)         0.226     0.226 r  clk_IBUF_inst/O
                         net (fo=1, routed)           0.631     0.858    clk_IBUF
    BUFGCTRL_X0Y1        BUFG (Prop_bufg_I_O)         0.026     0.884 r  clk_IBUF_BUFG_inst/O
                         net (fo=202, routed)         0.593     1.476    command_handler_inst/clk_IBUF_BUFG
    SLICE_X58Y8          FDRE                                         r  command_handler_inst/int_mem_data_in_a_reg[30]/C
  -------------------------------------------------------------------    -------------------
    SLICE_X58Y8          FDRE (Prop_fdre_C_Q)         0.141     1.617 r  command_handler_inst/int_mem_data_in_a_reg[30]/Q
                         net (fo=1, routed)           0.347     1.964    <hidden>
    RAMB18_X2Y5          RAMB18E1                                     r  <hidden>
  -------------------------------------------------------------------    -------------------

                         (clock sys_clk_pin rise edge)
                                                      0.000     0.000 r  
    W5                                                0.000     0.000 r  clk (IN)
                         net (fo=0)                   0.000     0.000    clk
    W5                   IBUF (Prop_ibuf_I_O)         0.414     0.414 r  clk_IBUF_inst/O
                         net (fo=1, routed)           0.685     1.099    clk_IBUF
    BUFGCTRL_X0Y1        BUFG (Prop_bufg_I_O)         0.029     1.128 r  clk_IBUF_BUFG_inst/O
                         net (fo=202, routed)         0.877     2.005    <hidden>
    RAMB18_X2Y5          RAMB18E1                                     r  <hidden>
                         clock pessimism             -0.478     1.527    
    RAMB18_X2Y5          RAMB18E1 (Hold_ramb18e1_CLKBWRCLK_DIBDI[14])
                                                      0.296     1.823    <hidden>
  -------------------------------------------------------------------
                         required time                         -1.823    
                         arrival time                           1.964    
  -------------------------------------------------------------------
                         slack                                  0.142    

Slack (MET) :             0.145ns  (arrival time - required time)
  Source:                 command_handler_inst/int_mem_data_in_a_reg[16]/C
                            (rising edge-triggered cell FDRE clocked by sys_clk_pin  {rise@0.000ns fall@5.000ns period=10.000ns})
  Destination:            <hidden>
                            (rising edge-triggered cell RAMB18E1 clocked by sys_clk_pin  {rise@0.000ns fall@5.000ns period=10.000ns})
  Path Group:             sys_clk_pin
  Path Type:              Hold (Min at Fast Process Corner)
  Requirement:            0.000ns  (sys_clk_pin rise@0.000ns - sys_clk_pin rise@0.000ns)
  Data Path Delay:        0.492ns  (logic 0.141ns (28.682%)  route 0.351ns (71.318%))
  Logic Levels:           0  
  Clock Path Skew:        0.050ns (DCD - SCD - CPR)
    Destination Clock Delay (DCD):    2.005ns
    Source Clock Delay      (SCD):    1.476ns
    Clock Pessimism Removal (CPR):    0.478ns

    Location             Delay type                Incr(ns)  Path(ns)    Netlist Resource(s)
  -------------------------------------------------------------------    -------------------
                         (clock sys_clk_pin rise edge)
                                                      0.000     0.000 r  
    W5                                                0.000     0.000 r  clk (IN)
                         net (fo=0)                   0.000     0.000    clk
    W5                   IBUF (Prop_ibuf_I_O)         0.226     0.226 r  clk_IBUF_inst/O
                         net (fo=1, routed)           0.631     0.858    clk_IBUF
    BUFGCTRL_X0Y1        BUFG (Prop_bufg_I_O)         0.026     0.884 r  clk_IBUF_BUFG_inst/O
                         net (fo=202, routed)         0.593     1.476    command_handler_inst/clk_IBUF_BUFG
    SLICE_X59Y8          FDRE                                         r  command_handler_inst/int_mem_data_in_a_reg[16]/C
  -------------------------------------------------------------------    -------------------
    SLICE_X59Y8          FDRE (Prop_fdre_C_Q)         0.141     1.617 r  command_handler_inst/int_mem_data_in_a_reg[16]/Q
                         net (fo=1, routed)           0.351     1.968    <hidden>
    RAMB18_X2Y5          RAMB18E1                                     r  <hidden>
  -------------------------------------------------------------------    -------------------

                         (clock sys_clk_pin rise edge)
                                                      0.000     0.000 r  
    W5                                                0.000     0.000 r  clk (IN)
                         net (fo=0)                   0.000     0.000    clk
    W5                   IBUF (Prop_ibuf_I_O)         0.414     0.414 r  clk_IBUF_inst/O
                         net (fo=1, routed)           0.685     1.099    clk_IBUF
    BUFGCTRL_X0Y1        BUFG (Prop_bufg_I_O)         0.029     1.128 r  clk_IBUF_BUFG_inst/O
                         net (fo=202, routed)         0.877     2.005    <hidden>
    RAMB18_X2Y5          RAMB18E1                                     r  <hidden>
                         clock pessimism             -0.478     1.527    
    RAMB18_X2Y5          RAMB18E1 (Hold_ramb18e1_CLKBWRCLK_DIBDI[0])
                                                      0.296     1.823    <hidden>
  -------------------------------------------------------------------
                         required time                         -1.823    
                         arrival time                           1.968    
  -------------------------------------------------------------------
                         slack                                  0.145    

Slack (MET) :             0.145ns  (arrival time - required time)
  Source:                 command_handler_inst/int_mem_data_in_a_reg[20]/C
                            (rising edge-triggered cell FDRE clocked by sys_clk_pin  {rise@0.000ns fall@5.000ns period=10.000ns})
  Destination:            <hidden>
                            (rising edge-triggered cell RAMB18E1 clocked by sys_clk_pin  {rise@0.000ns fall@5.000ns period=10.000ns})
  Path Group:             sys_clk_pin
  Path Type:              Hold (Min at Fast Process Corner)
  Requirement:            0.000ns  (sys_clk_pin rise@0.000ns - sys_clk_pin rise@0.000ns)
  Data Path Delay:        0.492ns  (logic 0.141ns (28.681%)  route 0.351ns (71.319%))
  Logic Levels:           0  
  Clock Path Skew:        0.050ns (DCD - SCD - CPR)
    Destination Clock Delay (DCD):    2.005ns
    Source Clock Delay      (SCD):    1.476ns
    Clock Pessimism Removal (CPR):    0.478ns

    Location             Delay type                Incr(ns)  Path(ns)    Netlist Resource(s)
  -------------------------------------------------------------------    -------------------
                         (clock sys_clk_pin rise edge)
                                                      0.000     0.000 r  
    W5                                                0.000     0.000 r  clk (IN)
                         net (fo=0)                   0.000     0.000    clk
    W5                   IBUF (Prop_ibuf_I_O)         0.226     0.226 r  clk_IBUF_inst/O
                         net (fo=1, routed)           0.631     0.858    clk_IBUF
    BUFGCTRL_X0Y1        BUFG (Prop_bufg_I_O)         0.026     0.884 r  clk_IBUF_BUFG_inst/O
                         net (fo=202, routed)         0.593     1.476    command_handler_inst/clk_IBUF_BUFG
    SLICE_X58Y8          FDRE                                         r  command_handler_inst/int_mem_data_in_a_reg[20]/C
  -------------------------------------------------------------------    -------------------
    SLICE_X58Y8          FDRE (Prop_fdre_C_Q)         0.141     1.617 r  command_handler_inst/int_mem_data_in_a_reg[20]/Q
                         net (fo=1, routed)           0.351     1.968    <hidden>
    RAMB18_X2Y5          RAMB18E1                                     r  <hidden>
  -------------------------------------------------------------------    -------------------

                         (clock sys_clk_pin rise edge)
                                                      0.000     0.000 r  
    W5                                                0.000     0.000 r  clk (IN)
                         net (fo=0)                   0.000     0.000    clk
    W5                   IBUF (Prop_ibuf_I_O)         0.414     0.414 r  clk_IBUF_inst/O
                         net (fo=1, routed)           0.685     1.099    clk_IBUF
    BUFGCTRL_X0Y1        BUFG (Prop_bufg_I_O)         0.029     1.128 r  clk_IBUF_BUFG_inst/O
                         net (fo=202, routed)         0.877     2.005    <hidden>
    RAMB18_X2Y5          RAMB18E1                                     r  <hidden>
                         clock pessimism             -0.478     1.527    
    RAMB18_X2Y5          RAMB18E1 (Hold_ramb18e1_CLKBWRCLK_DIBDI[4])
                                                      0.296     1.823    <hidden>
  -------------------------------------------------------------------
                         required time                         -1.823    
                         arrival time                           1.968    
  -------------------------------------------------------------------
                         slack                                  0.145    

Slack (MET) :             0.150ns  (arrival time - required time)
  Source:                 command_handler_inst/int_mem_addr_a_reg[2]/C
                            (rising edge-triggered cell FDRE clocked by sys_clk_pin  {rise@0.000ns fall@5.000ns period=10.000ns})
  Destination:            <hidden>
                            (rising edge-triggered cell RAMB18E1 clocked by sys_clk_pin  {rise@0.000ns fall@5.000ns period=10.000ns})
  Path Group:             sys_clk_pin
  Path Type:              Hold (Min at Fast Process Corner)
  Requirement:            0.000ns  (sys_clk_pin rise@0.000ns - sys_clk_pin rise@0.000ns)
  Data Path Delay:        0.384ns  (logic 0.141ns (36.696%)  route 0.243ns (63.304%))
  Logic Levels:           0  
  Clock Path Skew:        0.051ns (DCD - SCD - CPR)
    Destination Clock Delay (DCD):    2.005ns
    Source Clock Delay      (SCD):    1.475ns
    Clock Pessimism Removal (CPR):    0.478ns

    Location             Delay type                Incr(ns)  Path(ns)    Netlist Resource(s)
  -------------------------------------------------------------------    -------------------
                         (clock sys_clk_pin rise edge)
                                                      0.000     0.000 r  
    W5                                                0.000     0.000 r  clk (IN)
                         net (fo=0)                   0.000     0.000    clk
    W5                   IBUF (Prop_ibuf_I_O)         0.226     0.226 r  clk_IBUF_inst/O
                         net (fo=1, routed)           0.631     0.858    clk_IBUF
    BUFGCTRL_X0Y1        BUFG (Prop_bufg_I_O)         0.026     0.884 r  clk_IBUF_BUFG_inst/O
                         net (fo=202, routed)         0.592     1.475    command_handler_inst/clk_IBUF_BUFG
    SLICE_X59Y10         FDRE                                         r  command_handler_inst/int_mem_addr_a_reg[2]/C
  -------------------------------------------------------------------    -------------------
    SLICE_X59Y10         FDRE (Prop_fdre_C_Q)         0.141     1.616 r  command_handler_inst/int_mem_addr_a_reg[2]/Q
                         net (fo=1, routed)           0.243     1.859    <hidden>
    RAMB18_X2Y5          RAMB18E1                                     r  <hidden>
  -------------------------------------------------------------------    -------------------

                         (clock sys_clk_pin rise edge)
                                                      0.000     0.000 r  
    W5                                                0.000     0.000 r  clk (IN)
                         net (fo=0)                   0.000     0.000    clk
    W5                   IBUF (Prop_ibuf_I_O)         0.414     0.414 r  clk_IBUF_inst/O
                         net (fo=1, routed)           0.685     1.099    clk_IBUF
    BUFGCTRL_X0Y1        BUFG (Prop_bufg_I_O)         0.029     1.128 r  clk_IBUF_BUFG_inst/O
                         net (fo=202, routed)         0.877     2.005    <hidden>
    RAMB18_X2Y5          RAMB18E1                                     r  <hidden>
                         clock pessimism             -0.478     1.527    
    RAMB18_X2Y5          RAMB18E1 (Hold_ramb18e1_CLKBWRCLK_ADDRBWRADDR[7])
                                                      0.183     1.710    <hidden>
  -------------------------------------------------------------------
                         required time                         -1.710    
                         arrival time                           1.859    
  -------------------------------------------------------------------
                         slack                                  0.150    

Slack (MET) :             0.174ns  (arrival time - required time)
  Source:                 command_handler_inst/int_mem_data_in_a_reg[21]/C
                            (rising edge-triggered cell FDRE clocked by sys_clk_pin  {rise@0.000ns fall@5.000ns period=10.000ns})
  Destination:            <hidden>
                            (rising edge-triggered cell RAMB18E1 clocked by sys_clk_pin  {rise@0.000ns fall@5.000ns period=10.000ns})
  Path Group:             sys_clk_pin
  Path Type:              Hold (Min at Fast Process Corner)
  Requirement:            0.000ns  (sys_clk_pin rise@0.000ns - sys_clk_pin rise@0.000ns)
  Data Path Delay:        0.551ns  (logic 0.164ns (29.762%)  route 0.387ns (70.238%))
  Logic Levels:           0  
  Clock Path Skew:        0.081ns (DCD - SCD - CPR)
    Destination Clock Delay (DCD):    2.005ns
    Source Clock Delay      (SCD):    1.445ns
    Clock Pessimism Removal (CPR):    0.478ns

    Location             Delay type                Incr(ns)  Path(ns)    Netlist Resource(s)
  -------------------------------------------------------------------    -------------------
                         (clock sys_clk_pin rise edge)
                                                      0.000     0.000 r  
    W5                                                0.000     0.000 r  clk (IN)
                         net (fo=0)                   0.000     0.000    clk
    W5                   IBUF (Prop_ibuf_I_O)         0.226     0.226 r  clk_IBUF_inst/O
                         net (fo=1, routed)           0.631     0.858    clk_IBUF
    BUFGCTRL_X0Y1        BUFG (Prop_bufg_I_O)         0.026     0.884 r  clk_IBUF_BUFG_inst/O
                         net (fo=202, routed)         0.562     1.445    command_handler_inst/clk_IBUF_BUFG
    SLICE_X54Y13         FDRE                                         r  command_handler_inst/int_mem_data_in_a_reg[21]/C
  -------------------------------------------------------------------    -------------------
    SLICE_X54Y13         FDRE (Prop_fdre_C_Q)         0.164     1.609 r  command_handler_inst/int_mem_data_in_a_reg[21]/Q
                         net (fo=1, routed)           0.387     1.996    <hidden>
    RAMB18_X2Y5          RAMB18E1                                     r  <hidden>
  -------------------------------------------------------------------    -------------------

                         (clock sys_clk_pin rise edge)
                                                      0.000     0.000 r  
    W5                                                0.000     0.000 r  clk (IN)
                         net (fo=0)                   0.000     0.000    clk
    W5                   IBUF (Prop_ibuf_I_O)         0.414     0.414 r  clk_IBUF_inst/O
                         net (fo=1, routed)           0.685     1.099    clk_IBUF
    BUFGCTRL_X0Y1        BUFG (Prop_bufg_I_O)         0.029     1.128 r  clk_IBUF_BUFG_inst/O
                         net (fo=202, routed)         0.877     2.005    <hidden>
    RAMB18_X2Y5          RAMB18E1                                     r  <hidden>
                         clock pessimism             -0.478     1.527    
    RAMB18_X2Y5          RAMB18E1 (Hold_ramb18e1_CLKBWRCLK_DIBDI[5])
                                                      0.296     1.823    <hidden>
  -------------------------------------------------------------------
                         required time                         -1.823    
                         arrival time                           1.996    
  -------------------------------------------------------------------
                         slack                                  0.174    

Slack (MET) :             0.177ns  (arrival time - required time)
  Source:                 command_handler_inst/int_mem_data_in_a_reg[24]/C
                            (rising edge-triggered cell FDRE clocked by sys_clk_pin  {rise@0.000ns fall@5.000ns period=10.000ns})
  Destination:            <hidden>
                            (rising edge-triggered cell RAMB18E1 clocked by sys_clk_pin  {rise@0.000ns fall@5.000ns period=10.000ns})
  Path Group:             sys_clk_pin
  Path Type:              Hold (Min at Fast Process Corner)
  Requirement:            0.000ns  (sys_clk_pin rise@0.000ns - sys_clk_pin rise@0.000ns)
  Data Path Delay:        0.532ns  (logic 0.164ns (30.814%)  route 0.368ns (69.186%))
  Logic Levels:           0  
  Clock Path Skew:        0.059ns (DCD - SCD - CPR)
    Destination Clock Delay (DCD):    2.005ns
    Source Clock Delay      (SCD):    1.448ns
    Clock Pessimism Removal (CPR):    0.497ns

    Location             Delay type                Incr(ns)  Path(ns)    Netlist Resource(s)
  -------------------------------------------------------------------    -------------------
                         (clock sys_clk_pin rise edge)
                                                      0.000     0.000 r  
    W5                                                0.000     0.000 r  clk (IN)
                         net (fo=0)                   0.000     0.000    clk
    W5                   IBUF (Prop_ibuf_I_O)         0.226     0.226 r  clk_IBUF_inst/O
                         net (fo=1, routed)           0.631     0.858    clk_IBUF
    BUFGCTRL_X0Y1        BUFG (Prop_bufg_I_O)         0.026     0.884 r  clk_IBUF_BUFG_inst/O
                         net (fo=202, routed)         0.565     1.448    command_handler_inst/clk_IBUF_BUFG
    SLICE_X56Y12         FDRE                                         r  command_handler_inst/int_mem_data_in_a_reg[24]/C
  -------------------------------------------------------------------    -------------------
    SLICE_X56Y12         FDRE (Prop_fdre_C_Q)         0.164     1.612 r  command_handler_inst/int_mem_data_in_a_reg[24]/Q
                         net (fo=1, routed)           0.368     1.980    <hidden>
    RAMB18_X2Y5          RAMB18E1                                     r  <hidden>
  -------------------------------------------------------------------    -------------------

                         (clock sys_clk_pin rise edge)
                                                      0.000     0.000 r  
    W5                                                0.000     0.000 r  clk (IN)
                         net (fo=0)                   0.000     0.000    clk
    W5                   IBUF (Prop_ibuf_I_O)         0.414     0.414 r  clk_IBUF_inst/O
                         net (fo=1, routed)           0.685     1.099    clk_IBUF
    BUFGCTRL_X0Y1        BUFG (Prop_bufg_I_O)         0.029     1.128 r  clk_IBUF_BUFG_inst/O
                         net (fo=202, routed)         0.877     2.005    <hidden>
    RAMB18_X2Y5          RAMB18E1                                     r  <hidden>
                         clock pessimism             -0.497     1.508    
    RAMB18_X2Y5          RAMB18E1 (Hold_ramb18e1_CLKBWRCLK_DIBDI[8])
                                                      0.296     1.804    <hidden>
  -------------------------------------------------------------------
                         required time                         -1.804    
                         arrival time                           1.980    
  -------------------------------------------------------------------
                         slack                                  0.177    





Pulse Width Checks
--------------------------------------------------------------------------------------
Clock Name:         sys_clk_pin
Waveform(ns):       { 0.000 5.000 }
Period(ns):         10.000
Sources:            { clk }

Check Type        Corner  Lib Pin             Reference Pin  Required(ns)  Actual(ns)  Slack(ns)  Location       Pin
Min Period        n/a     RAMB18E1/CLKBWRCLK  n/a            2.576         10.000      7.424      RAMB18_X2Y5    <hidden>
Min Period        n/a     BUFG/I              n/a            2.155         10.000      7.845      BUFGCTRL_X0Y1  clk_IBUF_BUFG_inst/I
Min Period        n/a     FDRE/C              n/a            1.000         10.000      9.000      SLICE_X34Y46   clk_div_inst/clk_reg_reg/C
Min Period        n/a     FDRE/C              n/a            1.000         10.000      9.000      SLICE_X34Y46   clk_div_inst/div_cnt_reg[0]/C
Min Period        n/a     FDRE/C              n/a            1.000         10.000      9.000      SLICE_X59Y10   command_handler_inst/int_mem_addr_a_reg[0]/C
Min Period        n/a     FDRE/C              n/a            1.000         10.000      9.000      SLICE_X59Y10   command_handler_inst/int_mem_addr_a_reg[1]/C
Min Period        n/a     FDRE/C              n/a            1.000         10.000      9.000      SLICE_X59Y10   command_handler_inst/int_mem_addr_a_reg[2]/C
Min Period        n/a     FDRE/C              n/a            1.000         10.000      9.000      SLICE_X59Y10   command_handler_inst/int_mem_addr_a_reg[3]/C
Min Period        n/a     FDRE/C              n/a            1.000         10.000      9.000      SLICE_X58Y9    command_handler_inst/int_mem_data_in_a_reg[0]/C
Min Period        n/a     FDRE/C              n/a            1.000         10.000      9.000      SLICE_X59Y8    command_handler_inst/int_mem_data_in_a_reg[10]/C
Low Pulse Width   Slow    FDRE/C              n/a            0.500         5.000       4.500      SLICE_X34Y46   clk_div_inst/clk_reg_reg/C
Low Pulse Width   Fast    FDRE/C              n/a            0.500         5.000       4.500      SLICE_X34Y46   clk_div_inst/clk_reg_reg/C
Low Pulse Width   Slow    FDRE/C              n/a            0.500         5.000       4.500      SLICE_X34Y46   clk_div_inst/div_cnt_reg[0]/C
Low Pulse Width   Fast    FDRE/C              n/a            0.500         5.000       4.500      SLICE_X34Y46   clk_div_inst/div_cnt_reg[0]/C
Low Pulse Width   Slow    FDRE/C              n/a            0.500         5.000       4.500      SLICE_X59Y10   command_handler_inst/int_mem_addr_a_reg[0]/C
Low Pulse Width   Fast    FDRE/C              n/a            0.500         5.000       4.500      SLICE_X59Y10   command_handler_inst/int_mem_addr_a_reg[0]/C
Low Pulse Width   Slow    FDRE/C              n/a            0.500         5.000       4.500      SLICE_X59Y10   command_handler_inst/int_mem_addr_a_reg[1]/C
Low Pulse Width   Fast    FDRE/C              n/a            0.500         5.000       4.500      SLICE_X59Y10   command_handler_inst/int_mem_addr_a_reg[1]/C
Low Pulse Width   Slow    FDRE/C              n/a            0.500         5.000       4.500      SLICE_X59Y10   command_handler_inst/int_mem_addr_a_reg[2]/C
Low Pulse Width   Fast    FDRE/C              n/a            0.500         5.000       4.500      SLICE_X59Y10   command_handler_inst/int_mem_addr_a_reg[2]/C
High Pulse Width  Slow    FDRE/C              n/a            0.500         5.000       4.500      SLICE_X34Y46   clk_div_inst/clk_reg_reg/C
High Pulse Width  Fast    FDRE/C              n/a            0.500         5.000       4.500      SLICE_X34Y46   clk_div_inst/clk_reg_reg/C
High Pulse Width  Slow    FDRE/C              n/a            0.500         5.000       4.500      SLICE_X34Y46   clk_div_inst/div_cnt_reg[0]/C
High Pulse Width  Fast    FDRE/C              n/a            0.500         5.000       4.500      SLICE_X34Y46   clk_div_inst/div_cnt_reg[0]/C
High Pulse Width  Slow    FDRE/C              n/a            0.500         5.000       4.500      SLICE_X59Y10   command_handler_inst/int_mem_addr_a_reg[0]/C
High Pulse Width  Fast    FDRE/C              n/a            0.500         5.000       4.500      SLICE_X59Y10   command_handler_inst/int_mem_addr_a_reg[0]/C
High Pulse Width  Slow    FDRE/C              n/a            0.500         5.000       4.500      SLICE_X59Y10   command_handler_inst/int_mem_addr_a_reg[1]/C
High Pulse Width  Fast    FDRE/C              n/a            0.500         5.000       4.500      SLICE_X59Y10   command_handler_inst/int_mem_addr_a_reg[1]/C
High Pulse Width  Slow    FDRE/C              n/a            0.500         5.000       4.500      SLICE_X59Y10   command_handler_inst/int_mem_addr_a_reg[2]/C
High Pulse Width  Fast    FDRE/C              n/a            0.500         5.000       4.500      SLICE_X59Y10   command_handler_inst/int_mem_addr_a_reg[2]/C



--------------------------------------------------------------------------------------
Path Group:  (none)
From Clock:  
  To Clock:  

Max Delay          4999 Endpoints
Min Delay          4999 Endpoints
--------------------------------------------------------------------------------------


Max Delay Paths
--------------------------------------------------------------------------------------
Slack:                    inf
  Source:                 hcount_d4_reg[0]/C
                            (rising edge-triggered cell FDRE)
  Destination:            sprite_valid_under_d3_reg_srl4/D
  Path Group:             (none)
  Path Type:              Max at Slow Process Corner
  Data Path Delay:        54.148ns  (logic 6.649ns (12.279%)  route 47.499ns (87.721%))
  Logic Levels:           28  (CARRY4=2 FDRE=1 LUT2=1 LUT3=1 LUT4=10 LUT5=3 LUT6=10)

    Location             Delay type                Incr(ns)  Path(ns)    Netlist Resource(s)
  -------------------------------------------------------------------    -------------------
    SLICE_X65Y50         FDRE                         0.000     0.000 r  hcount_d4_reg[0]/C
    SLICE_X65Y50         FDRE (Prop_fdre_C_Q)         0.456     0.456 f  hcount_d4_reg[0]/Q
                         net (fo=384, routed)         8.472     8.928    sprite_renderer_inst/hcount_d4[0]
    SLICE_X60Y18         LUT2 (Prop_lut2_I1_O)        0.124     9.052 r  sprite_renderer_inst/sprite_addr_top[13]_i_1543/O
                         net (fo=1, routed)           0.000     9.052    sprite_renderer_inst/sprite_addr_top[13]_i_1543_n_0
    SLICE_X60Y18         CARRY4 (Prop_carry4_S[0]_CO[3])
                                                      0.513     9.565 r  sprite_renderer_inst/sprite_addr_top_reg[13]_i_1389/CO[3]
                         net (fo=1, routed)           0.000     9.565    sprite_renderer_inst/sprite_addr_top_reg[13]_i_1389_n_0
    SLICE_X60Y19         CARRY4 (Prop_carry4_CI_CO[0])
                                                      0.254     9.819 f  sprite_renderer_inst/sprite_addr_top_reg[13]_i_1218/CO[0]
                         net (fo=7, routed)           1.279    11.098    sprite_renderer_inst/sprite_valid_top127200_in
    SLICE_X65Y15         LUT4 (Prop_lut4_I2_O)        0.395    11.493 f  sprite_renderer_inst/sprite_addr_top[13]_i_1070/O
                         net (fo=50, routed)          2.716    14.209    sprite_renderer_inst/sprite_addr_top[13]_i_1070_n_0
    SLICE_X52Y24         LUT6 (Prop_lut6_I3_O)        0.326    14.535 r  sprite_renderer_inst/sprite_addr_top[13]_i_971/O
                         net (fo=25, routed)          0.870    15.405    sprite_renderer_inst/sprite_addr_top[13]_i_971_n_0
    SLICE_X49Y25         LUT6 (Prop_lut6_I5_O)        0.124    15.529 r  sprite_renderer_inst/sprite_addr_top[13]_i_826/O
                         net (fo=9, routed)           1.136    16.665    sprite_renderer_inst/sprite_addr_top[13]_i_826_n_0
    SLICE_X47Y25         LUT4 (Prop_lut4_I1_O)        0.152    16.817 r  sprite_renderer_inst/sprite_addr_top[13]_i_627/O
                         net (fo=17, routed)          1.722    18.539    sprite_renderer_inst/sprite_addr_top[13]_i_627_n_0
    SLICE_X49Y31         LUT4 (Prop_lut4_I1_O)        0.332    18.871 f  sprite_renderer_inst/sprite_addr_top[13]_i_499/O
                         net (fo=13, routed)          1.894    20.764    sprite_renderer_inst/sprite_addr_top[13]_i_499_n_0
    SLICE_X65Y29         LUT6 (Prop_lut6_I5_O)        0.124    20.888 f  sprite_renderer_inst/sprite_addr_top[13]_i_450/O
                         net (fo=27, routed)          2.520    23.408    sprite_renderer_inst/sprite_addr_top[13]_i_450_n_0
    SLICE_X60Y42         LUT6 (Prop_lut6_I3_O)        0.124    23.532 r  sprite_renderer_inst/sprite_addr_top[13]_i_427/O
                         net (fo=13, routed)          1.216    24.748    sprite_renderer_inst/sprite_addr_top[13]_i_427_n_0
    SLICE_X55Y42         LUT4 (Prop_lut4_I3_O)        0.152    24.900 r  sprite_renderer_inst/sprite_addr_top[7]_i_420/O
                         net (fo=17, routed)          1.802    26.702    sprite_renderer_inst/sprite_addr_top[7]_i_420_n_0
    SLICE_X47Y33         LUT4 (Prop_lut4_I3_O)        0.321    27.023 r  sprite_renderer_inst/sprite_addr_top[7]_i_302/O
                         net (fo=11, routed)          1.792    28.815    sprite_renderer_inst/sprite_addr_top[7]_i_302_n_0
    SLICE_X35Y30         LUT6 (Prop_lut6_I5_O)        0.332    29.147 r  sprite_renderer_inst/sprite_addr_top[7]_i_209/O
                         net (fo=25, routed)          2.810    31.957    sprite_renderer_inst/sprite_addr_top[7]_i_209_n_0
    SLICE_X47Y41         LUT6 (Prop_lut6_I5_O)        0.124    32.081 r  sprite_renderer_inst/sprite_addr_top[7]_i_151/O
                         net (fo=24, routed)          1.680    33.761    sprite_renderer_inst/sprite_addr_top[7]_i_151_n_0
    SLICE_X55Y44         LUT4 (Prop_lut4_I3_O)        0.152    33.913 r  sprite_renderer_inst/sprite_addr_top[13]_i_125/O
                         net (fo=19, routed)          1.349    35.262    sprite_renderer_inst/sprite_addr_top[13]_i_125_n_0
    SLICE_X57Y53         LUT4 (Prop_lut4_I1_O)        0.332    35.594 r  sprite_renderer_inst/sprite_addr_top[13]_i_73/O
                         net (fo=11, routed)          1.380    36.974    sprite_renderer_inst/sprite_addr_top[13]_i_73_n_0
    SLICE_X61Y55         LUT6 (Prop_lut6_I5_O)        0.124    37.098 r  sprite_renderer_inst/sprite_addr_top[13]_i_45/O
                         net (fo=24, routed)          2.371    39.469    sprite_renderer_inst/sprite_addr_top[13]_i_45_n_0
    SLICE_X57Y63         LUT5 (Prop_lut5_I2_O)        0.124    39.593 f  sprite_renderer_inst/sprite_addr_top[15]_i_535/O
                         net (fo=33, routed)          2.525    42.118    sprite_renderer_inst/sprite_addr_top[15]_i_535_n_0
    SLICE_X51Y60         LUT4 (Prop_lut4_I0_O)        0.124    42.242 r  sprite_renderer_inst/sprite_addr_top[15]_i_410/O
                         net (fo=13, routed)          0.914    43.156    sprite_renderer_inst/sprite_addr_top[15]_i_410_n_0
    SLICE_X49Y55         LUT6 (Prop_lut6_I5_O)        0.124    43.280 r  sprite_renderer_inst/sprite_addr_top[15]_i_234/O
                         net (fo=14, routed)          1.502    44.782    sprite_renderer_inst/sprite_addr_top[15]_i_234_n_0
    SLICE_X47Y53         LUT5 (Prop_lut5_I2_O)        0.152    44.934 f  sprite_renderer_inst/sprite_addr_top[15]_i_111/O
                         net (fo=17, routed)          0.931    45.865    sprite_renderer_inst/sprite_addr_top[15]_i_111_n_0
    SLICE_X46Y53         LUT4 (Prop_lut4_I2_O)        0.352    46.217 f  sprite_renderer_inst/sprite_addr_top[15]_i_49/O
                         net (fo=28, routed)          0.500    46.717    sprite_renderer_inst/sprite_addr_top[15]_i_49_n_0
    SLICE_X46Y50         LUT6 (Prop_lut6_I4_O)        0.328    47.045 f  sprite_renderer_inst/sprite_addr_top[15]_i_19/O
                         net (fo=37, routed)          1.977    49.022    sprite_renderer_inst/sprite_addr_top[15]_i_19_n_0
    SLICE_X34Y55         LUT4 (Prop_lut4_I3_O)        0.146    49.168 r  sprite_renderer_inst/sprite_addr_under[15]_i_6/O
                         net (fo=5, routed)           0.999    50.167    sprite_renderer_inst/render_instances_reg[4][visible]
    SLICE_X32Y53         LUT5 (Prop_lut5_I0_O)        0.356    50.523 r  sprite_renderer_inst/sprite_valid_top_d3_reg_srl4_i_2/O
                         net (fo=2, routed)           1.232    51.756    sprite_renderer_inst/render_instances_reg[2][visible]_1
    SLICE_X32Y47         LUT6 (Prop_lut6_I5_O)        0.332    52.088 f  sprite_renderer_inst/sprite_addr_under[15]_i_5/O
                         net (fo=17, routed)          0.820    52.908    vga_timing_inst/sprite_addr_under_reg[0]_2
    SLICE_X34Y49         LUT3 (Prop_lut3_I1_O)        0.150    53.058 r  vga_timing_inst/sprite_valid_under_d3_reg_srl4_i_1/O
                         net (fo=1, routed)           1.091    54.148    sprite_valid_under0_out
    SLICE_X34Y28         SRL16E                                       r  sprite_valid_under_d3_reg_srl4/D
  -------------------------------------------------------------------    -------------------

Slack:                    inf
  Source:                 hcount_d4_reg[0]/C
                            (rising edge-triggered cell FDRE)
  Destination:            sprite_renderer_inst/sprite_addr_under_reg[11]/D
  Path Group:             (none)
  Path Type:              Max at Slow Process Corner
  Data Path Delay:        54.018ns  (logic 6.357ns (11.768%)  route 47.661ns (88.232%))
  Logic Levels:           28  (CARRY4=2 FDRE=1 LUT2=1 LUT4=10 LUT5=4 LUT6=10)

    Location             Delay type                Incr(ns)  Path(ns)    Netlist Resource(s)
  -------------------------------------------------------------------    -------------------
    SLICE_X65Y50         FDRE                         0.000     0.000 r  hcount_d4_reg[0]/C
    SLICE_X65Y50         FDRE (Prop_fdre_C_Q)         0.456     0.456 f  hcount_d4_reg[0]/Q
                         net (fo=384, routed)         8.472     8.928    sprite_renderer_inst/hcount_d4[0]
    SLICE_X60Y18         LUT2 (Prop_lut2_I1_O)        0.124     9.052 r  sprite_renderer_inst/sprite_addr_top[13]_i_1543/O
                         net (fo=1, routed)           0.000     9.052    sprite_renderer_inst/sprite_addr_top[13]_i_1543_n_0
    SLICE_X60Y18         CARRY4 (Prop_carry4_S[0]_CO[3])
                                                      0.513     9.565 r  sprite_renderer_inst/sprite_addr_top_reg[13]_i_1389/CO[3]
                         net (fo=1, routed)           0.000     9.565    sprite_renderer_inst/sprite_addr_top_reg[13]_i_1389_n_0
    SLICE_X60Y19         CARRY4 (Prop_carry4_CI_CO[0])
                                                      0.254     9.819 f  sprite_renderer_inst/sprite_addr_top_reg[13]_i_1218/CO[0]
                         net (fo=7, routed)           1.279    11.098    sprite_renderer_inst/sprite_valid_top127200_in
    SLICE_X65Y15         LUT4 (Prop_lut4_I2_O)        0.395    11.493 f  sprite_renderer_inst/sprite_addr_top[13]_i_1070/O
                         net (fo=50, routed)          2.716    14.209    sprite_renderer_inst/sprite_addr_top[13]_i_1070_n_0
    SLICE_X52Y24         LUT6 (Prop_lut6_I3_O)        0.326    14.535 r  sprite_renderer_inst/sprite_addr_top[13]_i_971/O
                         net (fo=25, routed)          0.870    15.405    sprite_renderer_inst/sprite_addr_top[13]_i_971_n_0
    SLICE_X49Y25         LUT6 (Prop_lut6_I5_O)        0.124    15.529 r  sprite_renderer_inst/sprite_addr_top[13]_i_826/O
                         net (fo=9, routed)           1.136    16.665    sprite_renderer_inst/sprite_addr_top[13]_i_826_n_0
    SLICE_X47Y25         LUT4 (Prop_lut4_I1_O)        0.152    16.817 r  sprite_renderer_inst/sprite_addr_top[13]_i_627/O
                         net (fo=17, routed)          1.722    18.539    sprite_renderer_inst/sprite_addr_top[13]_i_627_n_0
    SLICE_X49Y31         LUT4 (Prop_lut4_I1_O)        0.332    18.871 f  sprite_renderer_inst/sprite_addr_top[13]_i_499/O
                         net (fo=13, routed)          1.894    20.764    sprite_renderer_inst/sprite_addr_top[13]_i_499_n_0
    SLICE_X65Y29         LUT6 (Prop_lut6_I5_O)        0.124    20.888 f  sprite_renderer_inst/sprite_addr_top[13]_i_450/O
                         net (fo=27, routed)          2.520    23.408    sprite_renderer_inst/sprite_addr_top[13]_i_450_n_0
    SLICE_X60Y42         LUT6 (Prop_lut6_I3_O)        0.124    23.532 r  sprite_renderer_inst/sprite_addr_top[13]_i_427/O
                         net (fo=13, routed)          1.216    24.748    sprite_renderer_inst/sprite_addr_top[13]_i_427_n_0
    SLICE_X55Y42         LUT4 (Prop_lut4_I3_O)        0.152    24.900 r  sprite_renderer_inst/sprite_addr_top[7]_i_420/O
                         net (fo=17, routed)          1.802    26.702    sprite_renderer_inst/sprite_addr_top[7]_i_420_n_0
    SLICE_X47Y33         LUT4 (Prop_lut4_I3_O)        0.321    27.023 r  sprite_renderer_inst/sprite_addr_top[7]_i_302/O
                         net (fo=11, routed)          1.792    28.815    sprite_renderer_inst/sprite_addr_top[7]_i_302_n_0
    SLICE_X35Y30         LUT6 (Prop_lut6_I5_O)        0.332    29.147 r  sprite_renderer_inst/sprite_addr_top[7]_i_209/O
                         net (fo=25, routed)          2.810    31.957    sprite_renderer_inst/sprite_addr_top[7]_i_209_n_0
    SLICE_X47Y41         LUT6 (Prop_lut6_I5_O)        0.124    32.081 r  sprite_renderer_inst/sprite_addr_top[7]_i_151/O
                         net (fo=24, routed)          1.680    33.761    sprite_renderer_inst/sprite_addr_top[7]_i_151_n_0
    SLICE_X55Y44         LUT4 (Prop_lut4_I3_O)        0.152    33.913 r  sprite_renderer_inst/sprite_addr_top[13]_i_125/O
                         net (fo=19, routed)          1.349    35.262    sprite_renderer_inst/sprite_addr_top[13]_i_125_n_0
    SLICE_X57Y53         LUT4 (Prop_lut4_I1_O)        0.332    35.594 r  sprite_renderer_inst/sprite_addr_top[13]_i_73/O
                         net (fo=11, routed)          1.380    36.974    sprite_renderer_inst/sprite_addr_top[13]_i_73_n_0
    SLICE_X61Y55         LUT6 (Prop_lut6_I5_O)        0.124    37.098 r  sprite_renderer_inst/sprite_addr_top[13]_i_45/O
                         net (fo=24, routed)          2.371    39.469    sprite_renderer_inst/sprite_addr_top[13]_i_45_n_0
    SLICE_X57Y63         LUT5 (Prop_lut5_I2_O)        0.124    39.593 f  sprite_renderer_inst/sprite_addr_top[15]_i_535/O
                         net (fo=33, routed)          2.525    42.118    sprite_renderer_inst/sprite_addr_top[15]_i_535_n_0
    SLICE_X51Y60         LUT4 (Prop_lut4_I0_O)        0.124    42.242 r  sprite_renderer_inst/sprite_addr_top[15]_i_410/O
                         net (fo=13, routed)          0.914    43.156    sprite_renderer_inst/sprite_addr_top[15]_i_410_n_0
    SLICE_X49Y55         LUT6 (Prop_lut6_I5_O)        0.124    43.280 r  sprite_renderer_inst/sprite_addr_top[15]_i_234/O
                         net (fo=14, routed)          1.502    44.782    sprite_renderer_inst/sprite_addr_top[15]_i_234_n_0
    SLICE_X47Y53         LUT5 (Prop_lut5_I2_O)        0.152    44.934 r  sprite_renderer_inst/sprite_addr_top[15]_i_111/O
                         net (fo=17, routed)          0.931    45.865    sprite_renderer_inst/sprite_addr_top[15]_i_111_n_0
    SLICE_X46Y53         LUT4 (Prop_lut4_I2_O)        0.352    46.217 r  sprite_renderer_inst/sprite_addr_top[15]_i_49/O
                         net (fo=28, routed)          1.318    47.535    sprite_renderer_inst/sprite_addr_top[15]_i_49_n_0
    SLICE_X37Y59         LUT5 (Prop_lut5_I3_O)        0.322    47.857 f  sprite_renderer_inst/sprite_addr_under[15]_i_33/O
                         net (fo=17, routed)          1.925    49.783    sprite_renderer_inst/sprite_addr_under[15]_i_33_n_0
    SLICE_X40Y51         LUT4 (Prop_lut4_I2_O)        0.326    50.109 r  sprite_renderer_inst/sprite_addr_under[15]_i_19/O
                         net (fo=16, routed)          1.774    51.883    sprite_renderer_inst/sprite_addr_under[15]_i_19_n_0
    SLICE_X39Y56         LUT6 (Prop_lut6_I3_O)        0.124    52.007 r  sprite_renderer_inst/sprite_addr_under[11]_i_3/O
                         net (fo=1, routed)           0.811    52.817    sprite_renderer_inst/sprite_addr_under[11]_i_3_n_0
    SLICE_X38Y54         LUT5 (Prop_lut5_I4_O)        0.124    52.941 r  sprite_renderer_inst/sprite_addr_under[11]_i_2/O
                         net (fo=1, routed)           0.952    53.894    vga_timing_inst/sprite_addr_under_reg[11]
    SLICE_X38Y50         LUT6 (Prop_lut6_I2_O)        0.124    54.018 r  vga_timing_inst/sprite_addr_under[11]_i_1/O
                         net (fo=1, routed)           0.000    54.018    sprite_renderer_inst/sprite_addr_under_reg[15]_1[11]
    SLICE_X38Y50         FDRE                                         r  sprite_renderer_inst/sprite_addr_under_reg[11]/D
  -------------------------------------------------------------------    -------------------

Slack:                    inf
  Source:                 hcount_d4_reg[0]/C
                            (rising edge-triggered cell FDRE)
  Destination:            sprite_renderer_inst/sprite_addr_under_reg[13]/D
  Path Group:             (none)
  Path Type:              Max at Slow Process Corner
  Data Path Delay:        53.824ns  (logic 6.357ns (11.811%)  route 47.467ns (88.189%))
  Logic Levels:           28  (CARRY4=2 FDRE=1 LUT2=1 LUT4=10 LUT5=4 LUT6=10)

    Location             Delay type                Incr(ns)  Path(ns)    Netlist Resource(s)
  -------------------------------------------------------------------    -------------------
    SLICE_X65Y50         FDRE                         0.000     0.000 r  hcount_d4_reg[0]/C
    SLICE_X65Y50         FDRE (Prop_fdre_C_Q)         0.456     0.456 f  hcount_d4_reg[0]/Q
                         net (fo=384, routed)         8.472     8.928    sprite_renderer_inst/hcount_d4[0]
    SLICE_X60Y18         LUT2 (Prop_lut2_I1_O)        0.124     9.052 r  sprite_renderer_inst/sprite_addr_top[13]_i_1543/O
                         net (fo=1, routed)           0.000     9.052    sprite_renderer_inst/sprite_addr_top[13]_i_1543_n_0
    SLICE_X60Y18         CARRY4 (Prop_carry4_S[0]_CO[3])
                                                      0.513     9.565 r  sprite_renderer_inst/sprite_addr_top_reg[13]_i_1389/CO[3]
                         net (fo=1, routed)           0.000     9.565    sprite_renderer_inst/sprite_addr_top_reg[13]_i_1389_n_0
    SLICE_X60Y19         CARRY4 (Prop_carry4_CI_CO[0])
                                                      0.254     9.819 f  sprite_renderer_inst/sprite_addr_top_reg[13]_i_1218/CO[0]
                         net (fo=7, routed)           1.279    11.098    sprite_renderer_inst/sprite_valid_top127200_in
    SLICE_X65Y15         LUT4 (Prop_lut4_I2_O)        0.395    11.493 f  sprite_renderer_inst/sprite_addr_top[13]_i_1070/O
                         net (fo=50, routed)          2.716    14.209    sprite_renderer_inst/sprite_addr_top[13]_i_1070_n_0
    SLICE_X52Y24         LUT6 (Prop_lut6_I3_O)        0.326    14.535 r  sprite_renderer_inst/sprite_addr_top[13]_i_971/O
                         net (fo=25, routed)          0.870    15.405    sprite_renderer_inst/sprite_addr_top[13]_i_971_n_0
    SLICE_X49Y25         LUT6 (Prop_lut6_I5_O)        0.124    15.529 r  sprite_renderer_inst/sprite_addr_top[13]_i_826/O
                         net (fo=9, routed)           1.136    16.665    sprite_renderer_inst/sprite_addr_top[13]_i_826_n_0
    SLICE_X47Y25         LUT4 (Prop_lut4_I1_O)        0.152    16.817 r  sprite_renderer_inst/sprite_addr_top[13]_i_627/O
                         net (fo=17, routed)          1.722    18.539    sprite_renderer_inst/sprite_addr_top[13]_i_627_n_0
    SLICE_X49Y31         LUT4 (Prop_lut4_I1_O)        0.332    18.871 f  sprite_renderer_inst/sprite_addr_top[13]_i_499/O
                         net (fo=13, routed)          1.894    20.764    sprite_renderer_inst/sprite_addr_top[13]_i_499_n_0
    SLICE_X65Y29         LUT6 (Prop_lut6_I5_O)        0.124    20.888 f  sprite_renderer_inst/sprite_addr_top[13]_i_450/O
                         net (fo=27, routed)          2.520    23.408    sprite_renderer_inst/sprite_addr_top[13]_i_450_n_0
    SLICE_X60Y42         LUT6 (Prop_lut6_I3_O)        0.124    23.532 r  sprite_renderer_inst/sprite_addr_top[13]_i_427/O
                         net (fo=13, routed)          1.216    24.748    sprite_renderer_inst/sprite_addr_top[13]_i_427_n_0
    SLICE_X55Y42         LUT4 (Prop_lut4_I3_O)        0.152    24.900 r  sprite_renderer_inst/sprite_addr_top[7]_i_420/O
                         net (fo=17, routed)          1.802    26.702    sprite_renderer_inst/sprite_addr_top[7]_i_420_n_0
    SLICE_X47Y33         LUT4 (Prop_lut4_I3_O)        0.321    27.023 r  sprite_renderer_inst/sprite_addr_top[7]_i_302/O
                         net (fo=11, routed)          1.792    28.815    sprite_renderer_inst/sprite_addr_top[7]_i_302_n_0
    SLICE_X35Y30         LUT6 (Prop_lut6_I5_O)        0.332    29.147 r  sprite_renderer_inst/sprite_addr_top[7]_i_209/O
                         net (fo=25, routed)          2.810    31.957    sprite_renderer_inst/sprite_addr_top[7]_i_209_n_0
    SLICE_X47Y41         LUT6 (Prop_lut6_I5_O)        0.124    32.081 r  sprite_renderer_inst/sprite_addr_top[7]_i_151/O
                         net (fo=24, routed)          1.680    33.761    sprite_renderer_inst/sprite_addr_top[7]_i_151_n_0
    SLICE_X55Y44         LUT4 (Prop_lut4_I3_O)        0.152    33.913 r  sprite_renderer_inst/sprite_addr_top[13]_i_125/O
                         net (fo=19, routed)          1.349    35.262    sprite_renderer_inst/sprite_addr_top[13]_i_125_n_0
    SLICE_X57Y53         LUT4 (Prop_lut4_I1_O)        0.332    35.594 r  sprite_renderer_inst/sprite_addr_top[13]_i_73/O
                         net (fo=11, routed)          1.380    36.974    sprite_renderer_inst/sprite_addr_top[13]_i_73_n_0
    SLICE_X61Y55         LUT6 (Prop_lut6_I5_O)        0.124    37.098 r  sprite_renderer_inst/sprite_addr_top[13]_i_45/O
                         net (fo=24, routed)          2.371    39.469    sprite_renderer_inst/sprite_addr_top[13]_i_45_n_0
    SLICE_X57Y63         LUT5 (Prop_lut5_I2_O)        0.124    39.593 f  sprite_renderer_inst/sprite_addr_top[15]_i_535/O
                         net (fo=33, routed)          2.525    42.118    sprite_renderer_inst/sprite_addr_top[15]_i_535_n_0
    SLICE_X51Y60         LUT4 (Prop_lut4_I0_O)        0.124    42.242 r  sprite_renderer_inst/sprite_addr_top[15]_i_410/O
                         net (fo=13, routed)          0.914    43.156    sprite_renderer_inst/sprite_addr_top[15]_i_410_n_0
    SLICE_X49Y55         LUT6 (Prop_lut6_I5_O)        0.124    43.280 r  sprite_renderer_inst/sprite_addr_top[15]_i_234/O
                         net (fo=14, routed)          1.502    44.782    sprite_renderer_inst/sprite_addr_top[15]_i_234_n_0
    SLICE_X47Y53         LUT5 (Prop_lut5_I2_O)        0.152    44.934 r  sprite_renderer_inst/sprite_addr_top[15]_i_111/O
                         net (fo=17, routed)          0.931    45.865    sprite_renderer_inst/sprite_addr_top[15]_i_111_n_0
    SLICE_X46Y53         LUT4 (Prop_lut4_I2_O)        0.352    46.217 r  sprite_renderer_inst/sprite_addr_top[15]_i_49/O
                         net (fo=28, routed)          1.318    47.535    sprite_renderer_inst/sprite_addr_top[15]_i_49_n_0
    SLICE_X37Y59         LUT5 (Prop_lut5_I3_O)        0.322    47.857 f  sprite_renderer_inst/sprite_addr_under[15]_i_33/O
                         net (fo=17, routed)          1.925    49.783    sprite_renderer_inst/sprite_addr_under[15]_i_33_n_0
    SLICE_X40Y51         LUT4 (Prop_lut4_I2_O)        0.326    50.109 r  sprite_renderer_inst/sprite_addr_under[15]_i_19/O
                         net (fo=16, routed)          1.915    52.023    sprite_renderer_inst/sprite_addr_under[15]_i_19_n_0
    SLICE_X38Y55         LUT6 (Prop_lut6_I3_O)        0.124    52.147 r  sprite_renderer_inst/sprite_addr_under[13]_i_3/O
                         net (fo=1, routed)           0.933    53.080    sprite_renderer_inst/sprite_addr_under[13]_i_3_n_0
    SLICE_X35Y56         LUT5 (Prop_lut5_I4_O)        0.124    53.204 r  sprite_renderer_inst/sprite_addr_under[13]_i_2/O
                         net (fo=1, routed)           0.496    53.700    vga_timing_inst/sprite_addr_under_reg[13]
    SLICE_X35Y50         LUT6 (Prop_lut6_I2_O)        0.124    53.824 r  vga_timing_inst/sprite_addr_under[13]_i_1/O
                         net (fo=1, routed)           0.000    53.824    sprite_renderer_inst/sprite_addr_under_reg[15]_1[13]
    SLICE_X35Y50         FDRE                                         r  sprite_renderer_inst/sprite_addr_under_reg[13]/D
  -------------------------------------------------------------------    -------------------

Slack:                    inf
  Source:                 hcount_d4_reg[0]/C
                            (rising edge-triggered cell FDRE)
  Destination:            sprite_renderer_inst/sprite_addr_under_reg[0]/D
  Path Group:             (none)
  Path Type:              Max at Slow Process Corner
  Data Path Delay:        53.800ns  (logic 6.357ns (11.816%)  route 47.443ns (88.184%))
  Logic Levels:           28  (CARRY4=2 FDRE=1 LUT2=1 LUT4=10 LUT5=4 LUT6=10)

    Location             Delay type                Incr(ns)  Path(ns)    Netlist Resource(s)
  -------------------------------------------------------------------    -------------------
    SLICE_X65Y50         FDRE                         0.000     0.000 r  hcount_d4_reg[0]/C
    SLICE_X65Y50         FDRE (Prop_fdre_C_Q)         0.456     0.456 f  hcount_d4_reg[0]/Q
                         net (fo=384, routed)         8.472     8.928    sprite_renderer_inst/hcount_d4[0]
    SLICE_X60Y18         LUT2 (Prop_lut2_I1_O)        0.124     9.052 r  sprite_renderer_inst/sprite_addr_top[13]_i_1543/O
                         net (fo=1, routed)           0.000     9.052    sprite_renderer_inst/sprite_addr_top[13]_i_1543_n_0
    SLICE_X60Y18         CARRY4 (Prop_carry4_S[0]_CO[3])
                                                      0.513     9.565 r  sprite_renderer_inst/sprite_addr_top_reg[13]_i_1389/CO[3]
                         net (fo=1, routed)           0.000     9.565    sprite_renderer_inst/sprite_addr_top_reg[13]_i_1389_n_0
    SLICE_X60Y19         CARRY4 (Prop_carry4_CI_CO[0])
                                                      0.254     9.819 f  sprite_renderer_inst/sprite_addr_top_reg[13]_i_1218/CO[0]
                         net (fo=7, routed)           1.279    11.098    sprite_renderer_inst/sprite_valid_top127200_in
    SLICE_X65Y15         LUT4 (Prop_lut4_I2_O)        0.395    11.493 f  sprite_renderer_inst/sprite_addr_top[13]_i_1070/O
                         net (fo=50, routed)          2.716    14.209    sprite_renderer_inst/sprite_addr_top[13]_i_1070_n_0
    SLICE_X52Y24         LUT6 (Prop_lut6_I3_O)        0.326    14.535 r  sprite_renderer_inst/sprite_addr_top[13]_i_971/O
                         net (fo=25, routed)          0.870    15.405    sprite_renderer_inst/sprite_addr_top[13]_i_971_n_0
    SLICE_X49Y25         LUT6 (Prop_lut6_I5_O)        0.124    15.529 r  sprite_renderer_inst/sprite_addr_top[13]_i_826/O
                         net (fo=9, routed)           1.136    16.665    sprite_renderer_inst/sprite_addr_top[13]_i_826_n_0
    SLICE_X47Y25         LUT4 (Prop_lut4_I1_O)        0.152    16.817 r  sprite_renderer_inst/sprite_addr_top[13]_i_627/O
                         net (fo=17, routed)          1.722    18.539    sprite_renderer_inst/sprite_addr_top[13]_i_627_n_0
    SLICE_X49Y31         LUT4 (Prop_lut4_I1_O)        0.332    18.871 f  sprite_renderer_inst/sprite_addr_top[13]_i_499/O
                         net (fo=13, routed)          1.894    20.764    sprite_renderer_inst/sprite_addr_top[13]_i_499_n_0
    SLICE_X65Y29         LUT6 (Prop_lut6_I5_O)        0.124    20.888 f  sprite_renderer_inst/sprite_addr_top[13]_i_450/O
                         net (fo=27, routed)          2.520    23.408    sprite_renderer_inst/sprite_addr_top[13]_i_450_n_0
    SLICE_X60Y42         LUT6 (Prop_lut6_I3_O)        0.124    23.532 r  sprite_renderer_inst/sprite_addr_top[13]_i_427/O
                         net (fo=13, routed)          1.216    24.748    sprite_renderer_inst/sprite_addr_top[13]_i_427_n_0
    SLICE_X55Y42         LUT4 (Prop_lut4_I3_O)        0.152    24.900 r  sprite_renderer_inst/sprite_addr_top[7]_i_420/O
                         net (fo=17, routed)          1.802    26.702    sprite_renderer_inst/sprite_addr_top[7]_i_420_n_0
    SLICE_X47Y33         LUT4 (Prop_lut4_I3_O)        0.321    27.023 r  sprite_renderer_inst/sprite_addr_top[7]_i_302/O
                         net (fo=11, routed)          1.792    28.815    sprite_renderer_inst/sprite_addr_top[7]_i_302_n_0
    SLICE_X35Y30         LUT6 (Prop_lut6_I5_O)        0.332    29.147 r  sprite_renderer_inst/sprite_addr_top[7]_i_209/O
                         net (fo=25, routed)          2.810    31.957    sprite_renderer_inst/sprite_addr_top[7]_i_209_n_0
    SLICE_X47Y41         LUT6 (Prop_lut6_I5_O)        0.124    32.081 r  sprite_renderer_inst/sprite_addr_top[7]_i_151/O
                         net (fo=24, routed)          1.680    33.761    sprite_renderer_inst/sprite_addr_top[7]_i_151_n_0
    SLICE_X55Y44         LUT4 (Prop_lut4_I3_O)        0.152    33.913 r  sprite_renderer_inst/sprite_addr_top[13]_i_125/O
                         net (fo=19, routed)          1.349    35.262    sprite_renderer_inst/sprite_addr_top[13]_i_125_n_0
    SLICE_X57Y53         LUT4 (Prop_lut4_I1_O)        0.332    35.594 r  sprite_renderer_inst/sprite_addr_top[13]_i_73/O
                         net (fo=11, routed)          1.380    36.974    sprite_renderer_inst/sprite_addr_top[13]_i_73_n_0
    SLICE_X61Y55         LUT6 (Prop_lut6_I5_O)        0.124    37.098 r  sprite_renderer_inst/sprite_addr_top[13]_i_45/O
                         net (fo=24, routed)          2.371    39.469    sprite_renderer_inst/sprite_addr_top[13]_i_45_n_0
    SLICE_X57Y63         LUT5 (Prop_lut5_I2_O)        0.124    39.593 f  sprite_renderer_inst/sprite_addr_top[15]_i_535/O
                         net (fo=33, routed)          2.525    42.118    sprite_renderer_inst/sprite_addr_top[15]_i_535_n_0
    SLICE_X51Y60         LUT4 (Prop_lut4_I0_O)        0.124    42.242 r  sprite_renderer_inst/sprite_addr_top[15]_i_410/O
                         net (fo=13, routed)          0.914    43.156    sprite_renderer_inst/sprite_addr_top[15]_i_410_n_0
    SLICE_X49Y55         LUT6 (Prop_lut6_I5_O)        0.124    43.280 r  sprite_renderer_inst/sprite_addr_top[15]_i_234/O
                         net (fo=14, routed)          1.502    44.782    sprite_renderer_inst/sprite_addr_top[15]_i_234_n_0
    SLICE_X47Y53         LUT5 (Prop_lut5_I2_O)        0.152    44.934 r  sprite_renderer_inst/sprite_addr_top[15]_i_111/O
                         net (fo=17, routed)          0.931    45.865    sprite_renderer_inst/sprite_addr_top[15]_i_111_n_0
    SLICE_X46Y53         LUT4 (Prop_lut4_I2_O)        0.352    46.217 r  sprite_renderer_inst/sprite_addr_top[15]_i_49/O
                         net (fo=28, routed)          1.318    47.535    sprite_renderer_inst/sprite_addr_top[15]_i_49_n_0
    SLICE_X37Y59         LUT5 (Prop_lut5_I3_O)        0.322    47.857 f  sprite_renderer_inst/sprite_addr_under[15]_i_33/O
                         net (fo=17, routed)          1.925    49.783    sprite_renderer_inst/sprite_addr_under[15]_i_33_n_0
    SLICE_X40Y51         LUT4 (Prop_lut4_I2_O)        0.326    50.109 r  sprite_renderer_inst/sprite_addr_under[15]_i_19/O
                         net (fo=16, routed)          1.618    51.726    sprite_renderer_inst/sprite_addr_under[15]_i_19_n_0
    SLICE_X32Y51         LUT6 (Prop_lut6_I3_O)        0.124    51.850 r  sprite_renderer_inst/sprite_addr_under[0]_i_9/O
                         net (fo=1, routed)           0.744    52.595    sprite_renderer_inst/sprite_addr_under[0]_i_9_n_0
    SLICE_X33Y50         LUT5 (Prop_lut5_I4_O)        0.124    52.719 r  sprite_renderer_inst/sprite_addr_under[0]_i_3/O
                         net (fo=1, routed)           0.958    53.676    vga_timing_inst/sprite_addr_under_reg[0]_0
    SLICE_X32Y47         LUT6 (Prop_lut6_I2_O)        0.124    53.800 r  vga_timing_inst/sprite_addr_under[0]_i_1/O
                         net (fo=1, routed)           0.000    53.800    sprite_renderer_inst/sprite_addr_under_reg[15]_1[0]
    SLICE_X32Y47         FDRE                                         r  sprite_renderer_inst/sprite_addr_under_reg[0]/D
  -------------------------------------------------------------------    -------------------

Slack:                    inf
  Source:                 hcount_d4_reg[0]/C
                            (rising edge-triggered cell FDRE)
  Destination:            sprite_renderer_inst/sprite_addr_under_reg[6]/D
  Path Group:             (none)
  Path Type:              Max at Slow Process Corner
  Data Path Delay:        53.757ns  (logic 6.623ns (12.320%)  route 47.134ns (87.680%))
  Logic Levels:           28  (CARRY4=2 FDRE=1 LUT2=1 LUT4=10 LUT5=3 LUT6=11)

    Location             Delay type                Incr(ns)  Path(ns)    Netlist Resource(s)
  -------------------------------------------------------------------    -------------------
    SLICE_X65Y50         FDRE                         0.000     0.000 r  hcount_d4_reg[0]/C
    SLICE_X65Y50         FDRE (Prop_fdre_C_Q)         0.456     0.456 f  hcount_d4_reg[0]/Q
                         net (fo=384, routed)         8.472     8.928    sprite_renderer_inst/hcount_d4[0]
    SLICE_X60Y18         LUT2 (Prop_lut2_I1_O)        0.124     9.052 r  sprite_renderer_inst/sprite_addr_top[13]_i_1543/O
                         net (fo=1, routed)           0.000     9.052    sprite_renderer_inst/sprite_addr_top[13]_i_1543_n_0
    SLICE_X60Y18         CARRY4 (Prop_carry4_S[0]_CO[3])
                                                      0.513     9.565 r  sprite_renderer_inst/sprite_addr_top_reg[13]_i_1389/CO[3]
                         net (fo=1, routed)           0.000     9.565    sprite_renderer_inst/sprite_addr_top_reg[13]_i_1389_n_0
    SLICE_X60Y19         CARRY4 (Prop_carry4_CI_CO[0])
                                                      0.254     9.819 f  sprite_renderer_inst/sprite_addr_top_reg[13]_i_1218/CO[0]
                         net (fo=7, routed)           1.279    11.098    sprite_renderer_inst/sprite_valid_top127200_in
    SLICE_X65Y15         LUT4 (Prop_lut4_I2_O)        0.395    11.493 f  sprite_renderer_inst/sprite_addr_top[13]_i_1070/O
                         net (fo=50, routed)          2.716    14.209    sprite_renderer_inst/sprite_addr_top[13]_i_1070_n_0
    SLICE_X52Y24         LUT6 (Prop_lut6_I3_O)        0.326    14.535 r  sprite_renderer_inst/sprite_addr_top[13]_i_971/O
                         net (fo=25, routed)          0.870    15.405    sprite_renderer_inst/sprite_addr_top[13]_i_971_n_0
    SLICE_X49Y25         LUT6 (Prop_lut6_I5_O)        0.124    15.529 r  sprite_renderer_inst/sprite_addr_top[13]_i_826/O
                         net (fo=9, routed)           1.136    16.665    sprite_renderer_inst/sprite_addr_top[13]_i_826_n_0
    SLICE_X47Y25         LUT4 (Prop_lut4_I1_O)        0.152    16.817 r  sprite_renderer_inst/sprite_addr_top[13]_i_627/O
                         net (fo=17, routed)          1.722    18.539    sprite_renderer_inst/sprite_addr_top[13]_i_627_n_0
    SLICE_X49Y31         LUT4 (Prop_lut4_I1_O)        0.332    18.871 f  sprite_renderer_inst/sprite_addr_top[13]_i_499/O
                         net (fo=13, routed)          1.894    20.764    sprite_renderer_inst/sprite_addr_top[13]_i_499_n_0
    SLICE_X65Y29         LUT6 (Prop_lut6_I5_O)        0.124    20.888 f  sprite_renderer_inst/sprite_addr_top[13]_i_450/O
                         net (fo=27, routed)          2.520    23.408    sprite_renderer_inst/sprite_addr_top[13]_i_450_n_0
    SLICE_X60Y42         LUT6 (Prop_lut6_I3_O)        0.124    23.532 r  sprite_renderer_inst/sprite_addr_top[13]_i_427/O
                         net (fo=13, routed)          1.216    24.748    sprite_renderer_inst/sprite_addr_top[13]_i_427_n_0
    SLICE_X55Y42         LUT4 (Prop_lut4_I3_O)        0.152    24.900 r  sprite_renderer_inst/sprite_addr_top[7]_i_420/O
                         net (fo=17, routed)          1.802    26.702    sprite_renderer_inst/sprite_addr_top[7]_i_420_n_0
    SLICE_X47Y33         LUT4 (Prop_lut4_I3_O)        0.321    27.023 r  sprite_renderer_inst/sprite_addr_top[7]_i_302/O
                         net (fo=11, routed)          1.792    28.815    sprite_renderer_inst/sprite_addr_top[7]_i_302_n_0
    SLICE_X35Y30         LUT6 (Prop_lut6_I5_O)        0.332    29.147 r  sprite_renderer_inst/sprite_addr_top[7]_i_209/O
                         net (fo=25, routed)          2.810    31.957    sprite_renderer_inst/sprite_addr_top[7]_i_209_n_0
    SLICE_X47Y41         LUT6 (Prop_lut6_I5_O)        0.124    32.081 r  sprite_renderer_inst/sprite_addr_top[7]_i_151/O
                         net (fo=24, routed)          1.680    33.761    sprite_renderer_inst/sprite_addr_top[7]_i_151_n_0
    SLICE_X55Y44         LUT4 (Prop_lut4_I3_O)        0.152    33.913 r  sprite_renderer_inst/sprite_addr_top[13]_i_125/O
                         net (fo=19, routed)          1.349    35.262    sprite_renderer_inst/sprite_addr_top[13]_i_125_n_0
    SLICE_X57Y53         LUT4 (Prop_lut4_I1_O)        0.332    35.594 r  sprite_renderer_inst/sprite_addr_top[13]_i_73/O
                         net (fo=11, routed)          1.380    36.974    sprite_renderer_inst/sprite_addr_top[13]_i_73_n_0
    SLICE_X61Y55         LUT6 (Prop_lut6_I5_O)        0.124    37.098 r  sprite_renderer_inst/sprite_addr_top[13]_i_45/O
                         net (fo=24, routed)          2.371    39.469    sprite_renderer_inst/sprite_addr_top[13]_i_45_n_0
    SLICE_X57Y63         LUT5 (Prop_lut5_I2_O)        0.124    39.593 f  sprite_renderer_inst/sprite_addr_top[15]_i_535/O
                         net (fo=33, routed)          2.525    42.118    sprite_renderer_inst/sprite_addr_top[15]_i_535_n_0
    SLICE_X51Y60         LUT4 (Prop_lut4_I0_O)        0.124    42.242 r  sprite_renderer_inst/sprite_addr_top[15]_i_410/O
                         net (fo=13, routed)          0.914    43.156    sprite_renderer_inst/sprite_addr_top[15]_i_410_n_0
    SLICE_X49Y55         LUT6 (Prop_lut6_I5_O)        0.124    43.280 r  sprite_renderer_inst/sprite_addr_top[15]_i_234/O
                         net (fo=14, routed)          1.502    44.782    sprite_renderer_inst/sprite_addr_top[15]_i_234_n_0
    SLICE_X47Y53         LUT5 (Prop_lut5_I2_O)        0.152    44.934 r  sprite_renderer_inst/sprite_addr_top[15]_i_111/O
                         net (fo=17, routed)          0.931    45.865    sprite_renderer_inst/sprite_addr_top[15]_i_111_n_0
    SLICE_X46Y53         LUT4 (Prop_lut4_I2_O)        0.352    46.217 r  sprite_renderer_inst/sprite_addr_top[15]_i_49/O
                         net (fo=28, routed)          0.500    46.717    sprite_renderer_inst/sprite_addr_top[15]_i_49_n_0
    SLICE_X46Y50         LUT6 (Prop_lut6_I4_O)        0.328    47.045 r  sprite_renderer_inst/sprite_addr_top[15]_i_19/O
                         net (fo=37, routed)          1.977    49.022    sprite_renderer_inst/sprite_addr_top[15]_i_19_n_0
    SLICE_X34Y55         LUT4 (Prop_lut4_I3_O)        0.146    49.168 f  sprite_renderer_inst/sprite_addr_under[15]_i_6/O
                         net (fo=5, routed)           0.999    50.167    sprite_renderer_inst/render_instances_reg[4][visible]
    SLICE_X32Y53         LUT5 (Prop_lut5_I0_O)        0.356    50.523 f  sprite_renderer_inst/sprite_valid_top_d3_reg_srl4_i_2/O
                         net (fo=2, routed)           1.232    51.756    sprite_renderer_inst/render_instances_reg[2][visible]_1
    SLICE_X32Y47         LUT6 (Prop_lut6_I5_O)        0.332    52.088 r  sprite_renderer_inst/sprite_addr_under[15]_i_5/O
                         net (fo=17, routed)          1.545    53.633    vga_timing_inst/sprite_addr_under_reg[0]_2
    SLICE_X38Y50         LUT6 (Prop_lut6_I5_O)        0.124    53.757 r  vga_timing_inst/sprite_addr_under[6]_i_1/O
                         net (fo=1, routed)           0.000    53.757    sprite_renderer_inst/sprite_addr_under_reg[15]_1[6]
    SLICE_X38Y50         FDRE                                         r  sprite_renderer_inst/sprite_addr_under_reg[6]/D
  -------------------------------------------------------------------    -------------------

Slack:                    inf
  Source:                 hcount_d4_reg[0]/C
                            (rising edge-triggered cell FDRE)
  Destination:            sprite_renderer_inst/sprite_addr_under_reg[12]/D
  Path Group:             (none)
  Path Type:              Max at Slow Process Corner
  Data Path Delay:        53.724ns  (logic 6.357ns (11.833%)  route 47.367ns (88.167%))
  Logic Levels:           28  (CARRY4=2 FDRE=1 LUT2=1 LUT4=10 LUT5=4 LUT6=10)

    Location             Delay type                Incr(ns)  Path(ns)    Netlist Resource(s)
  -------------------------------------------------------------------    -------------------
    SLICE_X65Y50         FDRE                         0.000     0.000 r  hcount_d4_reg[0]/C
    SLICE_X65Y50         FDRE (Prop_fdre_C_Q)         0.456     0.456 f  hcount_d4_reg[0]/Q
                         net (fo=384, routed)         8.472     8.928    sprite_renderer_inst/hcount_d4[0]
    SLICE_X60Y18         LUT2 (Prop_lut2_I1_O)        0.124     9.052 r  sprite_renderer_inst/sprite_addr_top[13]_i_1543/O
                         net (fo=1, routed)           0.000     9.052    sprite_renderer_inst/sprite_addr_top[13]_i_1543_n_0
    SLICE_X60Y18         CARRY4 (Prop_carry4_S[0]_CO[3])
                                                      0.513     9.565 r  sprite_renderer_inst/sprite_addr_top_reg[13]_i_1389/CO[3]
                         net (fo=1, routed)           0.000     9.565    sprite_renderer_inst/sprite_addr_top_reg[13]_i_1389_n_0
    SLICE_X60Y19         CARRY4 (Prop_carry4_CI_CO[0])
                                                      0.254     9.819 f  sprite_renderer_inst/sprite_addr_top_reg[13]_i_1218/CO[0]
                         net (fo=7, routed)           1.279    11.098    sprite_renderer_inst/sprite_valid_top127200_in
    SLICE_X65Y15         LUT4 (Prop_lut4_I2_O)        0.395    11.493 f  sprite_renderer_inst/sprite_addr_top[13]_i_1070/O
                         net (fo=50, routed)          2.716    14.209    sprite_renderer_inst/sprite_addr_top[13]_i_1070_n_0
    SLICE_X52Y24         LUT6 (Prop_lut6_I3_O)        0.326    14.535 r  sprite_renderer_inst/sprite_addr_top[13]_i_971/O
                         net (fo=25, routed)          0.870    15.405    sprite_renderer_inst/sprite_addr_top[13]_i_971_n_0
    SLICE_X49Y25         LUT6 (Prop_lut6_I5_O)        0.124    15.529 r  sprite_renderer_inst/sprite_addr_top[13]_i_826/O
                         net (fo=9, routed)           1.136    16.665    sprite_renderer_inst/sprite_addr_top[13]_i_826_n_0
    SLICE_X47Y25         LUT4 (Prop_lut4_I1_O)        0.152    16.817 r  sprite_renderer_inst/sprite_addr_top[13]_i_627/O
                         net (fo=17, routed)          1.722    18.539    sprite_renderer_inst/sprite_addr_top[13]_i_627_n_0
    SLICE_X49Y31         LUT4 (Prop_lut4_I1_O)        0.332    18.871 f  sprite_renderer_inst/sprite_addr_top[13]_i_499/O
                         net (fo=13, routed)          1.894    20.764    sprite_renderer_inst/sprite_addr_top[13]_i_499_n_0
    SLICE_X65Y29         LUT6 (Prop_lut6_I5_O)        0.124    20.888 f  sprite_renderer_inst/sprite_addr_top[13]_i_450/O
                         net (fo=27, routed)          2.520    23.408    sprite_renderer_inst/sprite_addr_top[13]_i_450_n_0
    SLICE_X60Y42         LUT6 (Prop_lut6_I3_O)        0.124    23.532 r  sprite_renderer_inst/sprite_addr_top[13]_i_427/O
                         net (fo=13, routed)          1.216    24.748    sprite_renderer_inst/sprite_addr_top[13]_i_427_n_0
    SLICE_X55Y42         LUT4 (Prop_lut4_I3_O)        0.152    24.900 r  sprite_renderer_inst/sprite_addr_top[7]_i_420/O
                         net (fo=17, routed)          1.802    26.702    sprite_renderer_inst/sprite_addr_top[7]_i_420_n_0
    SLICE_X47Y33         LUT4 (Prop_lut4_I3_O)        0.321    27.023 r  sprite_renderer_inst/sprite_addr_top[7]_i_302/O
                         net (fo=11, routed)          1.792    28.815    sprite_renderer_inst/sprite_addr_top[7]_i_302_n_0
    SLICE_X35Y30         LUT6 (Prop_lut6_I5_O)        0.332    29.147 r  sprite_renderer_inst/sprite_addr_top[7]_i_209/O
                         net (fo=25, routed)          2.810    31.957    sprite_renderer_inst/sprite_addr_top[7]_i_209_n_0
    SLICE_X47Y41         LUT6 (Prop_lut6_I5_O)        0.124    32.081 r  sprite_renderer_inst/sprite_addr_top[7]_i_151/O
                         net (fo=24, routed)          1.680    33.761    sprite_renderer_inst/sprite_addr_top[7]_i_151_n_0
    SLICE_X55Y44         LUT4 (Prop_lut4_I3_O)        0.152    33.913 r  sprite_renderer_inst/sprite_addr_top[13]_i_125/O
                         net (fo=19, routed)          1.349    35.262    sprite_renderer_inst/sprite_addr_top[13]_i_125_n_0
    SLICE_X57Y53         LUT4 (Prop_lut4_I1_O)        0.332    35.594 r  sprite_renderer_inst/sprite_addr_top[13]_i_73/O
                         net (fo=11, routed)          1.380    36.974    sprite_renderer_inst/sprite_addr_top[13]_i_73_n_0
    SLICE_X61Y55         LUT6 (Prop_lut6_I5_O)        0.124    37.098 r  sprite_renderer_inst/sprite_addr_top[13]_i_45/O
                         net (fo=24, routed)          2.371    39.469    sprite_renderer_inst/sprite_addr_top[13]_i_45_n_0
    SLICE_X57Y63         LUT5 (Prop_lut5_I2_O)        0.124    39.593 f  sprite_renderer_inst/sprite_addr_top[15]_i_535/O
                         net (fo=33, routed)          2.525    42.118    sprite_renderer_inst/sprite_addr_top[15]_i_535_n_0
    SLICE_X51Y60         LUT4 (Prop_lut4_I0_O)        0.124    42.242 r  sprite_renderer_inst/sprite_addr_top[15]_i_410/O
                         net (fo=13, routed)          0.914    43.156    sprite_renderer_inst/sprite_addr_top[15]_i_410_n_0
    SLICE_X49Y55         LUT6 (Prop_lut6_I5_O)        0.124    43.280 r  sprite_renderer_inst/sprite_addr_top[15]_i_234/O
                         net (fo=14, routed)          1.502    44.782    sprite_renderer_inst/sprite_addr_top[15]_i_234_n_0
    SLICE_X47Y53         LUT5 (Prop_lut5_I2_O)        0.152    44.934 r  sprite_renderer_inst/sprite_addr_top[15]_i_111/O
                         net (fo=17, routed)          0.931    45.865    sprite_renderer_inst/sprite_addr_top[15]_i_111_n_0
    SLICE_X46Y53         LUT4 (Prop_lut4_I2_O)        0.352    46.217 r  sprite_renderer_inst/sprite_addr_top[15]_i_49/O
                         net (fo=28, routed)          1.318    47.535    sprite_renderer_inst/sprite_addr_top[15]_i_49_n_0
    SLICE_X37Y59         LUT5 (Prop_lut5_I3_O)        0.322    47.857 f  sprite_renderer_inst/sprite_addr_under[15]_i_33/O
                         net (fo=17, routed)          1.925    49.783    sprite_renderer_inst/sprite_addr_under[15]_i_33_n_0
    SLICE_X40Y51         LUT4 (Prop_lut4_I2_O)        0.326    50.109 r  sprite_renderer_inst/sprite_addr_under[15]_i_19/O
                         net (fo=16, routed)          1.272    51.381    sprite_renderer_inst/sprite_addr_under[15]_i_19_n_0
    SLICE_X39Y56         LUT6 (Prop_lut6_I3_O)        0.124    51.505 r  sprite_renderer_inst/sprite_addr_under[12]_i_3/O
                         net (fo=1, routed)           0.814    52.319    sprite_renderer_inst/sprite_addr_under[12]_i_3_n_0
    SLICE_X34Y56         LUT5 (Prop_lut5_I4_O)        0.124    52.443 r  sprite_renderer_inst/sprite_addr_under[12]_i_2/O
                         net (fo=1, routed)           1.157    53.600    vga_timing_inst/sprite_addr_under_reg[12]_1
    SLICE_X35Y49         LUT6 (Prop_lut6_I2_O)        0.124    53.724 r  vga_timing_inst/sprite_addr_under[12]_i_1/O
                         net (fo=1, routed)           0.000    53.724    sprite_renderer_inst/sprite_addr_under_reg[15]_1[12]
    SLICE_X35Y49         FDRE                                         r  sprite_renderer_inst/sprite_addr_under_reg[12]/D
  -------------------------------------------------------------------    -------------------

Slack:                    inf
  Source:                 hcount_d4_reg[0]/C
                            (rising edge-triggered cell FDRE)
  Destination:            sprite_renderer_inst/sprite_addr_top_reg[8]/D
  Path Group:             (none)
  Path Type:              Max at Slow Process Corner
  Data Path Delay:        53.620ns  (logic 6.364ns (11.869%)  route 47.256ns (88.131%))
  Logic Levels:           28  (CARRY4=2 FDRE=1 LUT2=1 LUT3=1 LUT4=9 LUT5=2 LUT6=12)

    Location             Delay type                Incr(ns)  Path(ns)    Netlist Resource(s)
  -------------------------------------------------------------------    -------------------
    SLICE_X65Y50         FDRE                         0.000     0.000 r  hcount_d4_reg[0]/C
    SLICE_X65Y50         FDRE (Prop_fdre_C_Q)         0.456     0.456 f  hcount_d4_reg[0]/Q
                         net (fo=384, routed)         8.472     8.928    sprite_renderer_inst/hcount_d4[0]
    SLICE_X60Y18         LUT2 (Prop_lut2_I1_O)        0.124     9.052 r  sprite_renderer_inst/sprite_addr_top[13]_i_1543/O
                         net (fo=1, routed)           0.000     9.052    sprite_renderer_inst/sprite_addr_top[13]_i_1543_n_0
    SLICE_X60Y18         CARRY4 (Prop_carry4_S[0]_CO[3])
                                                      0.513     9.565 r  sprite_renderer_inst/sprite_addr_top_reg[13]_i_1389/CO[3]
                         net (fo=1, routed)           0.000     9.565    sprite_renderer_inst/sprite_addr_top_reg[13]_i_1389_n_0
    SLICE_X60Y19         CARRY4 (Prop_carry4_CI_CO[0])
                                                      0.254     9.819 f  sprite_renderer_inst/sprite_addr_top_reg[13]_i_1218/CO[0]
                         net (fo=7, routed)           1.279    11.098    sprite_renderer_inst/sprite_valid_top127200_in
    SLICE_X65Y15         LUT4 (Prop_lut4_I2_O)        0.395    11.493 f  sprite_renderer_inst/sprite_addr_top[13]_i_1070/O
                         net (fo=50, routed)          2.716    14.209    sprite_renderer_inst/sprite_addr_top[13]_i_1070_n_0
    SLICE_X52Y24         LUT6 (Prop_lut6_I3_O)        0.326    14.535 r  sprite_renderer_inst/sprite_addr_top[13]_i_971/O
                         net (fo=25, routed)          0.870    15.405    sprite_renderer_inst/sprite_addr_top[13]_i_971_n_0
    SLICE_X49Y25         LUT6 (Prop_lut6_I5_O)        0.124    15.529 r  sprite_renderer_inst/sprite_addr_top[13]_i_826/O
                         net (fo=9, routed)           1.136    16.665    sprite_renderer_inst/sprite_addr_top[13]_i_826_n_0
    SLICE_X47Y25         LUT4 (Prop_lut4_I1_O)        0.152    16.817 r  sprite_renderer_inst/sprite_addr_top[13]_i_627/O
                         net (fo=17, routed)          1.722    18.539    sprite_renderer_inst/sprite_addr_top[13]_i_627_n_0
    SLICE_X49Y31         LUT4 (Prop_lut4_I1_O)        0.332    18.871 f  sprite_renderer_inst/sprite_addr_top[13]_i_499/O
                         net (fo=13, routed)          1.894    20.764    sprite_renderer_inst/sprite_addr_top[13]_i_499_n_0
    SLICE_X65Y29         LUT6 (Prop_lut6_I5_O)        0.124    20.888 f  sprite_renderer_inst/sprite_addr_top[13]_i_450/O
                         net (fo=27, routed)          2.520    23.408    sprite_renderer_inst/sprite_addr_top[13]_i_450_n_0
    SLICE_X60Y42         LUT6 (Prop_lut6_I3_O)        0.124    23.532 r  sprite_renderer_inst/sprite_addr_top[13]_i_427/O
                         net (fo=13, routed)          1.216    24.748    sprite_renderer_inst/sprite_addr_top[13]_i_427_n_0
    SLICE_X55Y42         LUT4 (Prop_lut4_I3_O)        0.152    24.900 r  sprite_renderer_inst/sprite_addr_top[7]_i_420/O
                         net (fo=17, routed)          1.802    26.702    sprite_renderer_inst/sprite_addr_top[7]_i_420_n_0
    SLICE_X47Y33         LUT4 (Prop_lut4_I3_O)        0.321    27.023 r  sprite_renderer_inst/sprite_addr_top[7]_i_302/O
                         net (fo=11, routed)          1.792    28.815    sprite_renderer_inst/sprite_addr_top[7]_i_302_n_0
    SLICE_X35Y30         LUT6 (Prop_lut6_I5_O)        0.332    29.147 r  sprite_renderer_inst/sprite_addr_top[7]_i_209/O
                         net (fo=25, routed)          2.810    31.957    sprite_renderer_inst/sprite_addr_top[7]_i_209_n_0
    SLICE_X47Y41         LUT6 (Prop_lut6_I5_O)        0.124    32.081 r  sprite_renderer_inst/sprite_addr_top[7]_i_151/O
                         net (fo=24, routed)          1.680    33.761    sprite_renderer_inst/sprite_addr_top[7]_i_151_n_0
    SLICE_X55Y44         LUT4 (Prop_lut4_I3_O)        0.152    33.913 r  sprite_renderer_inst/sprite_addr_top[13]_i_125/O
                         net (fo=19, routed)          1.349    35.262    sprite_renderer_inst/sprite_addr_top[13]_i_125_n_0
    SLICE_X57Y53         LUT4 (Prop_lut4_I1_O)        0.332    35.594 r  sprite_renderer_inst/sprite_addr_top[13]_i_73/O
                         net (fo=11, routed)          1.380    36.974    sprite_renderer_inst/sprite_addr_top[13]_i_73_n_0
    SLICE_X61Y55         LUT6 (Prop_lut6_I5_O)        0.124    37.098 r  sprite_renderer_inst/sprite_addr_top[13]_i_45/O
                         net (fo=24, routed)          2.371    39.469    sprite_renderer_inst/sprite_addr_top[13]_i_45_n_0
    SLICE_X57Y63         LUT5 (Prop_lut5_I2_O)        0.124    39.593 f  sprite_renderer_inst/sprite_addr_top[15]_i_535/O
                         net (fo=33, routed)          2.525    42.118    sprite_renderer_inst/sprite_addr_top[15]_i_535_n_0
    SLICE_X51Y60         LUT4 (Prop_lut4_I0_O)        0.124    42.242 r  sprite_renderer_inst/sprite_addr_top[15]_i_410/O
                         net (fo=13, routed)          0.914    43.156    sprite_renderer_inst/sprite_addr_top[15]_i_410_n_0
    SLICE_X49Y55         LUT6 (Prop_lut6_I5_O)        0.124    43.280 r  sprite_renderer_inst/sprite_addr_top[15]_i_234/O
                         net (fo=14, routed)          1.502    44.782    sprite_renderer_inst/sprite_addr_top[15]_i_234_n_0
    SLICE_X47Y53         LUT5 (Prop_lut5_I2_O)        0.152    44.934 r  sprite_renderer_inst/sprite_addr_top[15]_i_111/O
                         net (fo=17, routed)          0.931    45.865    sprite_renderer_inst/sprite_addr_top[15]_i_111_n_0
    SLICE_X46Y53         LUT4 (Prop_lut4_I2_O)        0.352    46.217 r  sprite_renderer_inst/sprite_addr_top[15]_i_49/O
                         net (fo=28, routed)          0.500    46.717    sprite_renderer_inst/sprite_addr_top[15]_i_49_n_0
    SLICE_X46Y50         LUT6 (Prop_lut6_I4_O)        0.328    47.045 r  sprite_renderer_inst/sprite_addr_top[15]_i_19/O
                         net (fo=37, routed)          1.839    48.884    sprite_renderer_inst/sprite_addr_top[15]_i_19_n_0
    SLICE_X30Y53         LUT6 (Prop_lut6_I1_O)        0.124    49.008 f  sprite_renderer_inst/sprite_addr_top[15]_i_4/O
                         net (fo=28, routed)          2.147    51.155    sprite_renderer_inst/render_instances_reg[2][visible]
    SLICE_X41Y55         LUT3 (Prop_lut3_I0_O)        0.119    51.274 f  sprite_renderer_inst/sprite_addr_top[8]_i_10/O
                         net (fo=1, routed)           0.956    52.230    sprite_renderer_inst/sprite_addr_top[8]_i_10_n_0
    SLICE_X44Y53         LUT6 (Prop_lut6_I5_O)        0.332    52.562 r  sprite_renderer_inst/sprite_addr_top[8]_i_3/O
                         net (fo=1, routed)           0.933    53.496    vga_timing_inst/sprite_addr_top_reg[8]_1
    SLICE_X40Y52         LUT6 (Prop_lut6_I2_O)        0.124    53.620 r  vga_timing_inst/sprite_addr_top[8]_i_1/O
                         net (fo=1, routed)           0.000    53.620    sprite_renderer_inst/D[8]
    SLICE_X40Y52         FDRE                                         r  sprite_renderer_inst/sprite_addr_top_reg[8]/D
  -------------------------------------------------------------------    -------------------

Slack:                    inf
  Source:                 hcount_d4_reg[0]/C
                            (rising edge-triggered cell FDRE)
  Destination:            sprite_renderer_inst/sprite_addr_under_reg[7]/D
  Path Group:             (none)
  Path Type:              Max at Slow Process Corner
  Data Path Delay:        53.585ns  (logic 6.623ns (12.360%)  route 46.962ns (87.640%))
  Logic Levels:           28  (CARRY4=2 FDRE=1 LUT2=1 LUT4=10 LUT5=3 LUT6=11)

    Location             Delay type                Incr(ns)  Path(ns)    Netlist Resource(s)
  -------------------------------------------------------------------    -------------------
    SLICE_X65Y50         FDRE                         0.000     0.000 r  hcount_d4_reg[0]/C
    SLICE_X65Y50         FDRE (Prop_fdre_C_Q)         0.456     0.456 f  hcount_d4_reg[0]/Q
                         net (fo=384, routed)         8.472     8.928    sprite_renderer_inst/hcount_d4[0]
    SLICE_X60Y18         LUT2 (Prop_lut2_I1_O)        0.124     9.052 r  sprite_renderer_inst/sprite_addr_top[13]_i_1543/O
                         net (fo=1, routed)           0.000     9.052    sprite_renderer_inst/sprite_addr_top[13]_i_1543_n_0
    SLICE_X60Y18         CARRY4 (Prop_carry4_S[0]_CO[3])
                                                      0.513     9.565 r  sprite_renderer_inst/sprite_addr_top_reg[13]_i_1389/CO[3]
                         net (fo=1, routed)           0.000     9.565    sprite_renderer_inst/sprite_addr_top_reg[13]_i_1389_n_0
    SLICE_X60Y19         CARRY4 (Prop_carry4_CI_CO[0])
                                                      0.254     9.819 f  sprite_renderer_inst/sprite_addr_top_reg[13]_i_1218/CO[0]
                         net (fo=7, routed)           1.279    11.098    sprite_renderer_inst/sprite_valid_top127200_in
    SLICE_X65Y15         LUT4 (Prop_lut4_I2_O)        0.395    11.493 f  sprite_renderer_inst/sprite_addr_top[13]_i_1070/O
                         net (fo=50, routed)          2.716    14.209    sprite_renderer_inst/sprite_addr_top[13]_i_1070_n_0
    SLICE_X52Y24         LUT6 (Prop_lut6_I3_O)        0.326    14.535 r  sprite_renderer_inst/sprite_addr_top[13]_i_971/O
                         net (fo=25, routed)          0.870    15.405    sprite_renderer_inst/sprite_addr_top[13]_i_971_n_0
    SLICE_X49Y25         LUT6 (Prop_lut6_I5_O)        0.124    15.529 r  sprite_renderer_inst/sprite_addr_top[13]_i_826/O
                         net (fo=9, routed)           1.136    16.665    sprite_renderer_inst/sprite_addr_top[13]_i_826_n_0
    SLICE_X47Y25         LUT4 (Prop_lut4_I1_O)        0.152    16.817 r  sprite_renderer_inst/sprite_addr_top[13]_i_627/O
                         net (fo=17, routed)          1.722    18.539    sprite_renderer_inst/sprite_addr_top[13]_i_627_n_0
    SLICE_X49Y31         LUT4 (Prop_lut4_I1_O)        0.332    18.871 f  sprite_renderer_inst/sprite_addr_top[13]_i_499/O
                         net (fo=13, routed)          1.894    20.764    sprite_renderer_inst/sprite_addr_top[13]_i_499_n_0
    SLICE_X65Y29         LUT6 (Prop_lut6_I5_O)        0.124    20.888 f  sprite_renderer_inst/sprite_addr_top[13]_i_450/O
                         net (fo=27, routed)          2.520    23.408    sprite_renderer_inst/sprite_addr_top[13]_i_450_n_0
    SLICE_X60Y42         LUT6 (Prop_lut6_I3_O)        0.124    23.532 r  sprite_renderer_inst/sprite_addr_top[13]_i_427/O
                         net (fo=13, routed)          1.216    24.748    sprite_renderer_inst/sprite_addr_top[13]_i_427_n_0
    SLICE_X55Y42         LUT4 (Prop_lut4_I3_O)        0.152    24.900 r  sprite_renderer_inst/sprite_addr_top[7]_i_420/O
                         net (fo=17, routed)          1.802    26.702    sprite_renderer_inst/sprite_addr_top[7]_i_420_n_0
    SLICE_X47Y33         LUT4 (Prop_lut4_I3_O)        0.321    27.023 r  sprite_renderer_inst/sprite_addr_top[7]_i_302/O
                         net (fo=11, routed)          1.792    28.815    sprite_renderer_inst/sprite_addr_top[7]_i_302_n_0
    SLICE_X35Y30         LUT6 (Prop_lut6_I5_O)        0.332    29.147 r  sprite_renderer_inst/sprite_addr_top[7]_i_209/O
                         net (fo=25, routed)          2.810    31.957    sprite_renderer_inst/sprite_addr_top[7]_i_209_n_0
    SLICE_X47Y41         LUT6 (Prop_lut6_I5_O)        0.124    32.081 r  sprite_renderer_inst/sprite_addr_top[7]_i_151/O
                         net (fo=24, routed)          1.680    33.761    sprite_renderer_inst/sprite_addr_top[7]_i_151_n_0
    SLICE_X55Y44         LUT4 (Prop_lut4_I3_O)        0.152    33.913 r  sprite_renderer_inst/sprite_addr_top[13]_i_125/O
                         net (fo=19, routed)          1.349    35.262    sprite_renderer_inst/sprite_addr_top[13]_i_125_n_0
    SLICE_X57Y53         LUT4 (Prop_lut4_I1_O)        0.332    35.594 r  sprite_renderer_inst/sprite_addr_top[13]_i_73/O
                         net (fo=11, routed)          1.380    36.974    sprite_renderer_inst/sprite_addr_top[13]_i_73_n_0
    SLICE_X61Y55         LUT6 (Prop_lut6_I5_O)        0.124    37.098 r  sprite_renderer_inst/sprite_addr_top[13]_i_45/O
                         net (fo=24, routed)          2.371    39.469    sprite_renderer_inst/sprite_addr_top[13]_i_45_n_0
    SLICE_X57Y63         LUT5 (Prop_lut5_I2_O)        0.124    39.593 f  sprite_renderer_inst/sprite_addr_top[15]_i_535/O
                         net (fo=33, routed)          2.525    42.118    sprite_renderer_inst/sprite_addr_top[15]_i_535_n_0
    SLICE_X51Y60         LUT4 (Prop_lut4_I0_O)        0.124    42.242 r  sprite_renderer_inst/sprite_addr_top[15]_i_410/O
                         net (fo=13, routed)          0.914    43.156    sprite_renderer_inst/sprite_addr_top[15]_i_410_n_0
    SLICE_X49Y55         LUT6 (Prop_lut6_I5_O)        0.124    43.280 r  sprite_renderer_inst/sprite_addr_top[15]_i_234/O
                         net (fo=14, routed)          1.502    44.782    sprite_renderer_inst/sprite_addr_top[15]_i_234_n_0
    SLICE_X47Y53         LUT5 (Prop_lut5_I2_O)        0.152    44.934 r  sprite_renderer_inst/sprite_addr_top[15]_i_111/O
                         net (fo=17, routed)          0.931    45.865    sprite_renderer_inst/sprite_addr_top[15]_i_111_n_0
    SLICE_X46Y53         LUT4 (Prop_lut4_I2_O)        0.352    46.217 r  sprite_renderer_inst/sprite_addr_top[15]_i_49/O
                         net (fo=28, routed)          0.500    46.717    sprite_renderer_inst/sprite_addr_top[15]_i_49_n_0
    SLICE_X46Y50         LUT6 (Prop_lut6_I4_O)        0.328    47.045 r  sprite_renderer_inst/sprite_addr_top[15]_i_19/O
                         net (fo=37, routed)          1.977    49.022    sprite_renderer_inst/sprite_addr_top[15]_i_19_n_0
    SLICE_X34Y55         LUT4 (Prop_lut4_I3_O)        0.146    49.168 f  sprite_renderer_inst/sprite_addr_under[15]_i_6/O
                         net (fo=5, routed)           0.999    50.167    sprite_renderer_inst/render_instances_reg[4][visible]
    SLICE_X32Y53         LUT5 (Prop_lut5_I0_O)        0.356    50.523 f  sprite_renderer_inst/sprite_valid_top_d3_reg_srl4_i_2/O
                         net (fo=2, routed)           1.232    51.756    sprite_renderer_inst/render_instances_reg[2][visible]_1
    SLICE_X32Y47         LUT6 (Prop_lut6_I5_O)        0.332    52.088 r  sprite_renderer_inst/sprite_addr_under[15]_i_5/O
                         net (fo=17, routed)          1.373    53.461    vga_timing_inst/sprite_addr_under_reg[0]_2
    SLICE_X39Y50         LUT6 (Prop_lut6_I5_O)        0.124    53.585 r  vga_timing_inst/sprite_addr_under[7]_i_1/O
                         net (fo=1, routed)           0.000    53.585    sprite_renderer_inst/sprite_addr_under_reg[15]_1[7]
    SLICE_X39Y50         FDRE                                         r  sprite_renderer_inst/sprite_addr_under_reg[7]/D
  -------------------------------------------------------------------    -------------------

Slack:                    inf
  Source:                 hcount_d4_reg[0]/C
                            (rising edge-triggered cell FDRE)
  Destination:            sprite_renderer_inst/sprite_addr_under_reg[5]/D
  Path Group:             (none)
  Path Type:              Max at Slow Process Corner
  Data Path Delay:        53.580ns  (logic 6.623ns (12.361%)  route 46.957ns (87.639%))
  Logic Levels:           28  (CARRY4=2 FDRE=1 LUT2=1 LUT4=10 LUT5=3 LUT6=11)

    Location             Delay type                Incr(ns)  Path(ns)    Netlist Resource(s)
  -------------------------------------------------------------------    -------------------
    SLICE_X65Y50         FDRE                         0.000     0.000 r  hcount_d4_reg[0]/C
    SLICE_X65Y50         FDRE (Prop_fdre_C_Q)         0.456     0.456 f  hcount_d4_reg[0]/Q
                         net (fo=384, routed)         8.472     8.928    sprite_renderer_inst/hcount_d4[0]
    SLICE_X60Y18         LUT2 (Prop_lut2_I1_O)        0.124     9.052 r  sprite_renderer_inst/sprite_addr_top[13]_i_1543/O
                         net (fo=1, routed)           0.000     9.052    sprite_renderer_inst/sprite_addr_top[13]_i_1543_n_0
    SLICE_X60Y18         CARRY4 (Prop_carry4_S[0]_CO[3])
                                                      0.513     9.565 r  sprite_renderer_inst/sprite_addr_top_reg[13]_i_1389/CO[3]
                         net (fo=1, routed)           0.000     9.565    sprite_renderer_inst/sprite_addr_top_reg[13]_i_1389_n_0
    SLICE_X60Y19         CARRY4 (Prop_carry4_CI_CO[0])
                                                      0.254     9.819 f  sprite_renderer_inst/sprite_addr_top_reg[13]_i_1218/CO[0]
                         net (fo=7, routed)           1.279    11.098    sprite_renderer_inst/sprite_valid_top127200_in
    SLICE_X65Y15         LUT4 (Prop_lut4_I2_O)        0.395    11.493 f  sprite_renderer_inst/sprite_addr_top[13]_i_1070/O
                         net (fo=50, routed)          2.716    14.209    sprite_renderer_inst/sprite_addr_top[13]_i_1070_n_0
    SLICE_X52Y24         LUT6 (Prop_lut6_I3_O)        0.326    14.535 r  sprite_renderer_inst/sprite_addr_top[13]_i_971/O
                         net (fo=25, routed)          0.870    15.405    sprite_renderer_inst/sprite_addr_top[13]_i_971_n_0
    SLICE_X49Y25         LUT6 (Prop_lut6_I5_O)        0.124    15.529 r  sprite_renderer_inst/sprite_addr_top[13]_i_826/O
                         net (fo=9, routed)           1.136    16.665    sprite_renderer_inst/sprite_addr_top[13]_i_826_n_0
    SLICE_X47Y25         LUT4 (Prop_lut4_I1_O)        0.152    16.817 r  sprite_renderer_inst/sprite_addr_top[13]_i_627/O
                         net (fo=17, routed)          1.722    18.539    sprite_renderer_inst/sprite_addr_top[13]_i_627_n_0
    SLICE_X49Y31         LUT4 (Prop_lut4_I1_O)        0.332    18.871 f  sprite_renderer_inst/sprite_addr_top[13]_i_499/O
                         net (fo=13, routed)          1.894    20.764    sprite_renderer_inst/sprite_addr_top[13]_i_499_n_0
    SLICE_X65Y29         LUT6 (Prop_lut6_I5_O)        0.124    20.888 f  sprite_renderer_inst/sprite_addr_top[13]_i_450/O
                         net (fo=27, routed)          2.520    23.408    sprite_renderer_inst/sprite_addr_top[13]_i_450_n_0
    SLICE_X60Y42         LUT6 (Prop_lut6_I3_O)        0.124    23.532 r  sprite_renderer_inst/sprite_addr_top[13]_i_427/O
                         net (fo=13, routed)          1.216    24.748    sprite_renderer_inst/sprite_addr_top[13]_i_427_n_0
    SLICE_X55Y42         LUT4 (Prop_lut4_I3_O)        0.152    24.900 r  sprite_renderer_inst/sprite_addr_top[7]_i_420/O
                         net (fo=17, routed)          1.802    26.702    sprite_renderer_inst/sprite_addr_top[7]_i_420_n_0
    SLICE_X47Y33         LUT4 (Prop_lut4_I3_O)        0.321    27.023 r  sprite_renderer_inst/sprite_addr_top[7]_i_302/O
                         net (fo=11, routed)          1.792    28.815    sprite_renderer_inst/sprite_addr_top[7]_i_302_n_0
    SLICE_X35Y30         LUT6 (Prop_lut6_I5_O)        0.332    29.147 r  sprite_renderer_inst/sprite_addr_top[7]_i_209/O
                         net (fo=25, routed)          2.810    31.957    sprite_renderer_inst/sprite_addr_top[7]_i_209_n_0
    SLICE_X47Y41         LUT6 (Prop_lut6_I5_O)        0.124    32.081 r  sprite_renderer_inst/sprite_addr_top[7]_i_151/O
                         net (fo=24, routed)          1.680    33.761    sprite_renderer_inst/sprite_addr_top[7]_i_151_n_0
    SLICE_X55Y44         LUT4 (Prop_lut4_I3_O)        0.152    33.913 r  sprite_renderer_inst/sprite_addr_top[13]_i_125/O
                         net (fo=19, routed)          1.349    35.262    sprite_renderer_inst/sprite_addr_top[13]_i_125_n_0
    SLICE_X57Y53         LUT4 (Prop_lut4_I1_O)        0.332    35.594 r  sprite_renderer_inst/sprite_addr_top[13]_i_73/O
                         net (fo=11, routed)          1.380    36.974    sprite_renderer_inst/sprite_addr_top[13]_i_73_n_0
    SLICE_X61Y55         LUT6 (Prop_lut6_I5_O)        0.124    37.098 r  sprite_renderer_inst/sprite_addr_top[13]_i_45/O
                         net (fo=24, routed)          2.371    39.469    sprite_renderer_inst/sprite_addr_top[13]_i_45_n_0
    SLICE_X57Y63         LUT5 (Prop_lut5_I2_O)        0.124    39.593 f  sprite_renderer_inst/sprite_addr_top[15]_i_535/O
                         net (fo=33, routed)          2.525    42.118    sprite_renderer_inst/sprite_addr_top[15]_i_535_n_0
    SLICE_X51Y60         LUT4 (Prop_lut4_I0_O)        0.124    42.242 r  sprite_renderer_inst/sprite_addr_top[15]_i_410/O
                         net (fo=13, routed)          0.914    43.156    sprite_renderer_inst/sprite_addr_top[15]_i_410_n_0
    SLICE_X49Y55         LUT6 (Prop_lut6_I5_O)        0.124    43.280 r  sprite_renderer_inst/sprite_addr_top[15]_i_234/O
                         net (fo=14, routed)          1.502    44.782    sprite_renderer_inst/sprite_addr_top[15]_i_234_n_0
    SLICE_X47Y53         LUT5 (Prop_lut5_I2_O)        0.152    44.934 r  sprite_renderer_inst/sprite_addr_top[15]_i_111/O
                         net (fo=17, routed)          0.931    45.865    sprite_renderer_inst/sprite_addr_top[15]_i_111_n_0
    SLICE_X46Y53         LUT4 (Prop_lut4_I2_O)        0.352    46.217 r  sprite_renderer_inst/sprite_addr_top[15]_i_49/O
                         net (fo=28, routed)          0.500    46.717    sprite_renderer_inst/sprite_addr_top[15]_i_49_n_0
    SLICE_X46Y50         LUT6 (Prop_lut6_I4_O)        0.328    47.045 r  sprite_renderer_inst/sprite_addr_top[15]_i_19/O
                         net (fo=37, routed)          1.977    49.022    sprite_renderer_inst/sprite_addr_top[15]_i_19_n_0
    SLICE_X34Y55         LUT4 (Prop_lut4_I3_O)        0.146    49.168 f  sprite_renderer_inst/sprite_addr_under[15]_i_6/O
                         net (fo=5, routed)           0.999    50.167    sprite_renderer_inst/render_instances_reg[4][visible]
    SLICE_X32Y53         LUT5 (Prop_lut5_I0_O)        0.356    50.523 f  sprite_renderer_inst/sprite_valid_top_d3_reg_srl4_i_2/O
                         net (fo=2, routed)           1.232    51.756    sprite_renderer_inst/render_instances_reg[2][visible]_1
    SLICE_X32Y47         LUT6 (Prop_lut6_I5_O)        0.332    52.088 r  sprite_renderer_inst/sprite_addr_under[15]_i_5/O
                         net (fo=17, routed)          1.368    53.456    vga_timing_inst/sprite_addr_under_reg[0]_2
    SLICE_X39Y50         LUT6 (Prop_lut6_I5_O)        0.124    53.580 r  vga_timing_inst/sprite_addr_under[5]_i_1/O
                         net (fo=1, routed)           0.000    53.580    sprite_renderer_inst/sprite_addr_under_reg[15]_1[5]
    SLICE_X39Y50         FDRE                                         r  sprite_renderer_inst/sprite_addr_under_reg[5]/D
  -------------------------------------------------------------------    -------------------

Slack:                    inf
  Source:                 hcount_d4_reg[0]/C
                            (rising edge-triggered cell FDRE)
  Destination:            sprite_renderer_inst/sprite_addr_under_reg[9]/D
  Path Group:             (none)
  Path Type:              Max at Slow Process Corner
  Data Path Delay:        53.507ns  (logic 6.357ns (11.881%)  route 47.150ns (88.119%))
  Logic Levels:           28  (CARRY4=2 FDRE=1 LUT2=1 LUT4=10 LUT5=4 LUT6=10)

    Location             Delay type                Incr(ns)  Path(ns)    Netlist Resource(s)
  -------------------------------------------------------------------    -------------------
    SLICE_X65Y50         FDRE                         0.000     0.000 r  hcount_d4_reg[0]/C
    SLICE_X65Y50         FDRE (Prop_fdre_C_Q)         0.456     0.456 f  hcount_d4_reg[0]/Q
                         net (fo=384, routed)         8.472     8.928    sprite_renderer_inst/hcount_d4[0]
    SLICE_X60Y18         LUT2 (Prop_lut2_I1_O)        0.124     9.052 r  sprite_renderer_inst/sprite_addr_top[13]_i_1543/O
                         net (fo=1, routed)           0.000     9.052    sprite_renderer_inst/sprite_addr_top[13]_i_1543_n_0
    SLICE_X60Y18         CARRY4 (Prop_carry4_S[0]_CO[3])
                                                      0.513     9.565 r  sprite_renderer_inst/sprite_addr_top_reg[13]_i_1389/CO[3]
                         net (fo=1, routed)           0.000     9.565    sprite_renderer_inst/sprite_addr_top_reg[13]_i_1389_n_0
    SLICE_X60Y19         CARRY4 (Prop_carry4_CI_CO[0])
                                                      0.254     9.819 f  sprite_renderer_inst/sprite_addr_top_reg[13]_i_1218/CO[0]
                         net (fo=7, routed)           1.279    11.098    sprite_renderer_inst/sprite_valid_top127200_in
    SLICE_X65Y15         LUT4 (Prop_lut4_I2_O)        0.395    11.493 f  sprite_renderer_inst/sprite_addr_top[13]_i_1070/O
                         net (fo=50, routed)          2.716    14.209    sprite_renderer_inst/sprite_addr_top[13]_i_1070_n_0
    SLICE_X52Y24         LUT6 (Prop_lut6_I3_O)        0.326    14.535 r  sprite_renderer_inst/sprite_addr_top[13]_i_971/O
                         net (fo=25, routed)          0.870    15.405    sprite_renderer_inst/sprite_addr_top[13]_i_971_n_0
    SLICE_X49Y25         LUT6 (Prop_lut6_I5_O)        0.124    15.529 r  sprite_renderer_inst/sprite_addr_top[13]_i_826/O
                         net (fo=9, routed)           1.136    16.665    sprite_renderer_inst/sprite_addr_top[13]_i_826_n_0
    SLICE_X47Y25         LUT4 (Prop_lut4_I1_O)        0.152    16.817 r  sprite_renderer_inst/sprite_addr_top[13]_i_627/O
                         net (fo=17, routed)          1.722    18.539    sprite_renderer_inst/sprite_addr_top[13]_i_627_n_0
    SLICE_X49Y31         LUT4 (Prop_lut4_I1_O)        0.332    18.871 f  sprite_renderer_inst/sprite_addr_top[13]_i_499/O
                         net (fo=13, routed)          1.894    20.764    sprite_renderer_inst/sprite_addr_top[13]_i_499_n_0
    SLICE_X65Y29         LUT6 (Prop_lut6_I5_O)        0.124    20.888 f  sprite_renderer_inst/sprite_addr_top[13]_i_450/O
                         net (fo=27, routed)          2.520    23.408    sprite_renderer_inst/sprite_addr_top[13]_i_450_n_0
    SLICE_X60Y42         LUT6 (Prop_lut6_I3_O)        0.124    23.532 r  sprite_renderer_inst/sprite_addr_top[13]_i_427/O
                         net (fo=13, routed)          1.216    24.748    sprite_renderer_inst/sprite_addr_top[13]_i_427_n_0
    SLICE_X55Y42         LUT4 (Prop_lut4_I3_O)        0.152    24.900 r  sprite_renderer_inst/sprite_addr_top[7]_i_420/O
                         net (fo=17, routed)          1.802    26.702    sprite_renderer_inst/sprite_addr_top[7]_i_420_n_0
    SLICE_X47Y33         LUT4 (Prop_lut4_I3_O)        0.321    27.023 r  sprite_renderer_inst/sprite_addr_top[7]_i_302/O
                         net (fo=11, routed)          1.792    28.815    sprite_renderer_inst/sprite_addr_top[7]_i_302_n_0
    SLICE_X35Y30         LUT6 (Prop_lut6_I5_O)        0.332    29.147 r  sprite_renderer_inst/sprite_addr_top[7]_i_209/O
                         net (fo=25, routed)          2.810    31.957    sprite_renderer_inst/sprite_addr_top[7]_i_209_n_0
    SLICE_X47Y41         LUT6 (Prop_lut6_I5_O)        0.124    32.081 r  sprite_renderer_inst/sprite_addr_top[7]_i_151/O
                         net (fo=24, routed)          1.680    33.761    sprite_renderer_inst/sprite_addr_top[7]_i_151_n_0
    SLICE_X55Y44         LUT4 (Prop_lut4_I3_O)        0.152    33.913 r  sprite_renderer_inst/sprite_addr_top[13]_i_125/O
                         net (fo=19, routed)          1.349    35.262    sprite_renderer_inst/sprite_addr_top[13]_i_125_n_0
    SLICE_X57Y53         LUT4 (Prop_lut4_I1_O)        0.332    35.594 r  sprite_renderer_inst/sprite_addr_top[13]_i_73/O
                         net (fo=11, routed)          1.380    36.974    sprite_renderer_inst/sprite_addr_top[13]_i_73_n_0
    SLICE_X61Y55         LUT6 (Prop_lut6_I5_O)        0.124    37.098 r  sprite_renderer_inst/sprite_addr_top[13]_i_45/O
                         net (fo=24, routed)          2.371    39.469    sprite_renderer_inst/sprite_addr_top[13]_i_45_n_0
    SLICE_X57Y63         LUT5 (Prop_lut5_I2_O)        0.124    39.593 f  sprite_renderer_inst/sprite_addr_top[15]_i_535/O
                         net (fo=33, routed)          2.525    42.118    sprite_renderer_inst/sprite_addr_top[15]_i_535_n_0
    SLICE_X51Y60         LUT4 (Prop_lut4_I0_O)        0.124    42.242 r  sprite_renderer_inst/sprite_addr_top[15]_i_410/O
                         net (fo=13, routed)          0.914    43.156    sprite_renderer_inst/sprite_addr_top[15]_i_410_n_0
    SLICE_X49Y55         LUT6 (Prop_lut6_I5_O)        0.124    43.280 r  sprite_renderer_inst/sprite_addr_top[15]_i_234/O
                         net (fo=14, routed)          1.502    44.782    sprite_renderer_inst/sprite_addr_top[15]_i_234_n_0
    SLICE_X47Y53         LUT5 (Prop_lut5_I2_O)        0.152    44.934 r  sprite_renderer_inst/sprite_addr_top[15]_i_111/O
                         net (fo=17, routed)          0.931    45.865    sprite_renderer_inst/sprite_addr_top[15]_i_111_n_0
    SLICE_X46Y53         LUT4 (Prop_lut4_I2_O)        0.352    46.217 r  sprite_renderer_inst/sprite_addr_top[15]_i_49/O
                         net (fo=28, routed)          1.318    47.535    sprite_renderer_inst/sprite_addr_top[15]_i_49_n_0
    SLICE_X37Y59         LUT5 (Prop_lut5_I3_O)        0.322    47.857 f  sprite_renderer_inst/sprite_addr_under[15]_i_33/O
                         net (fo=17, routed)          1.925    49.783    sprite_renderer_inst/sprite_addr_under[15]_i_33_n_0
    SLICE_X40Y51         LUT4 (Prop_lut4_I2_O)        0.326    50.109 r  sprite_renderer_inst/sprite_addr_under[15]_i_19/O
                         net (fo=16, routed)          1.447    51.556    sprite_renderer_inst/sprite_addr_under[15]_i_19_n_0
    SLICE_X42Y55         LUT6 (Prop_lut6_I3_O)        0.124    51.680 r  sprite_renderer_inst/sprite_addr_under[9]_i_3/O
                         net (fo=1, routed)           0.649    52.329    sprite_renderer_inst/sprite_addr_under[9]_i_3_n_0
    SLICE_X39Y55         LUT5 (Prop_lut5_I4_O)        0.124    52.453 r  sprite_renderer_inst/sprite_addr_under[9]_i_2/O
                         net (fo=1, routed)           0.929    53.383    vga_timing_inst/sprite_addr_under_reg[9]
    SLICE_X37Y50         LUT6 (Prop_lut6_I2_O)        0.124    53.507 r  vga_timing_inst/sprite_addr_under[9]_i_1/O
                         net (fo=1, routed)           0.000    53.507    sprite_renderer_inst/sprite_addr_under_reg[15]_1[9]
    SLICE_X37Y50         FDRE                                         r  sprite_renderer_inst/sprite_addr_under_reg[9]/D
  -------------------------------------------------------------------    -------------------





Min Delay Paths
--------------------------------------------------------------------------------------
Slack:                    inf
  Source:                 game_instances_reg[58][sprite_id][4]/C
                            (rising edge-triggered cell FDRE)
  Destination:            render_instances_reg[58][sprite_id][4]/D
  Path Group:             (none)
  Path Type:              Min at Fast Process Corner
  Data Path Delay:        0.187ns  (logic 0.128ns (68.397%)  route 0.059ns (31.603%))
  Logic Levels:           1  (FDRE=1)

    Location             Delay type                Incr(ns)  Path(ns)    Netlist Resource(s)
  -------------------------------------------------------------------    -------------------
    SLICE_X32Y20         FDRE                         0.000     0.000 r  game_instances_reg[58][sprite_id][4]/C
    SLICE_X32Y20         FDRE (Prop_fdre_C_Q)         0.128     0.128 r  game_instances_reg[58][sprite_id][4]/Q
                         net (fo=1, routed)           0.059     0.187    game_instances_reg[58][sprite_id][4]
    SLICE_X33Y20         FDRE                                         r  render_instances_reg[58][sprite_id][4]/D
  -------------------------------------------------------------------    -------------------

Slack:                    inf
  Source:                 game_instances_reg[1][y][7]/C
                            (rising edge-triggered cell FDRE)
  Destination:            render_instances_reg[1][y][7]/D
  Path Group:             (none)
  Path Type:              Min at Fast Process Corner
  Data Path Delay:        0.193ns  (logic 0.141ns (73.018%)  route 0.052ns (26.982%))
  Logic Levels:           1  (FDRE=1)

    Location             Delay type                Incr(ns)  Path(ns)    Netlist Resource(s)
  -------------------------------------------------------------------    -------------------
    SLICE_X15Y50         FDRE                         0.000     0.000 r  game_instances_reg[1][y][7]/C
    SLICE_X15Y50         FDRE (Prop_fdre_C_Q)         0.141     0.141 r  game_instances_reg[1][y][7]/Q
                         net (fo=1, routed)           0.052     0.193    game_instances_reg[1][y][7]
    SLICE_X14Y50         FDRE                                         r  render_instances_reg[1][y][7]/D
  -------------------------------------------------------------------    -------------------

Slack:                    inf
  Source:                 game_instances_reg[29][sprite_id][4]/C
                            (rising edge-triggered cell FDRE)
  Destination:            render_instances_reg[29][sprite_id][4]/D
  Path Group:             (none)
  Path Type:              Min at Fast Process Corner
  Data Path Delay:        0.199ns  (logic 0.141ns (70.953%)  route 0.058ns (29.047%))
  Logic Levels:           1  (FDRE=1)

    Location             Delay type                Incr(ns)  Path(ns)    Netlist Resource(s)
  -------------------------------------------------------------------    -------------------
    SLICE_X58Y70         FDRE                         0.000     0.000 r  game_instances_reg[29][sprite_id][4]/C
    SLICE_X58Y70         FDRE (Prop_fdre_C_Q)         0.141     0.141 r  game_instances_reg[29][sprite_id][4]/Q
                         net (fo=2, routed)           0.058     0.199    game_instances_reg[29][sprite_id][4]
    SLICE_X58Y70         FDRE                                         r  render_instances_reg[29][sprite_id][4]/D
  -------------------------------------------------------------------    -------------------

Slack:                    inf
  Source:                 game_instances_reg[14][sprite_id][0]/C
                            (rising edge-triggered cell FDRE)
  Destination:            render_instances_reg[14][sprite_id][0]/D
  Path Group:             (none)
  Path Type:              Min at Fast Process Corner
  Data Path Delay:        0.208ns  (logic 0.141ns (67.788%)  route 0.067ns (32.212%))
  Logic Levels:           1  (FDRE=1)

    Location             Delay type                Incr(ns)  Path(ns)    Netlist Resource(s)
  -------------------------------------------------------------------    -------------------
    SLICE_X45Y70         FDRE                         0.000     0.000 r  game_instances_reg[14][sprite_id][0]/C
    SLICE_X45Y70         FDRE (Prop_fdre_C_Q)         0.141     0.141 r  game_instances_reg[14][sprite_id][0]/Q
                         net (fo=2, routed)           0.067     0.208    game_instances_reg[14][sprite_id][0]
    SLICE_X45Y70         FDRE                                         r  render_instances_reg[14][sprite_id][0]/D
  -------------------------------------------------------------------    -------------------

Slack:                    inf
  Source:                 game_instances_reg[16][sprite_id][0]/C
                            (rising edge-triggered cell FDRE)
  Destination:            render_instances_reg[16][sprite_id][0]/D
  Path Group:             (none)
  Path Type:              Min at Fast Process Corner
  Data Path Delay:        0.208ns  (logic 0.141ns (67.788%)  route 0.067ns (32.212%))
  Logic Levels:           1  (FDRE=1)

    Location             Delay type                Incr(ns)  Path(ns)    Netlist Resource(s)
  -------------------------------------------------------------------    -------------------
    SLICE_X49Y73         FDRE                         0.000     0.000 r  game_instances_reg[16][sprite_id][0]/C
    SLICE_X49Y73         FDRE (Prop_fdre_C_Q)         0.141     0.141 r  game_instances_reg[16][sprite_id][0]/Q
                         net (fo=2, routed)           0.067     0.208    game_instances_reg[16][sprite_id][0]
    SLICE_X49Y73         FDRE                                         r  render_instances_reg[16][sprite_id][0]/D
  -------------------------------------------------------------------    -------------------

Slack:                    inf
  Source:                 game_instances_reg[26][sprite_id][4]/C
                            (rising edge-triggered cell FDRE)
  Destination:            render_instances_reg[26][sprite_id][4]/D
  Path Group:             (none)
  Path Type:              Min at Fast Process Corner
  Data Path Delay:        0.208ns  (logic 0.141ns (67.788%)  route 0.067ns (32.212%))
  Logic Levels:           1  (FDRE=1)

    Location             Delay type                Incr(ns)  Path(ns)    Netlist Resource(s)
  -------------------------------------------------------------------    -------------------
    SLICE_X51Y71         FDRE                         0.000     0.000 r  game_instances_reg[26][sprite_id][4]/C
    SLICE_X51Y71         FDRE (Prop_fdre_C_Q)         0.141     0.141 r  game_instances_reg[26][sprite_id][4]/Q
                         net (fo=2, routed)           0.067     0.208    game_instances_reg[26][sprite_id][4]
    SLICE_X51Y71         FDRE                                         r  render_instances_reg[26][sprite_id][4]/D
  -------------------------------------------------------------------    -------------------

Slack:                    inf
  Source:                 game_instances_reg[26][visible]/C
                            (rising edge-triggered cell FDRE)
  Destination:            render_instances_reg[26][visible]/D
  Path Group:             (none)
  Path Type:              Min at Fast Process Corner
  Data Path Delay:        0.208ns  (logic 0.141ns (67.788%)  route 0.067ns (32.212%))
  Logic Levels:           1  (FDRE=1)

    Location             Delay type                Incr(ns)  Path(ns)    Netlist Resource(s)
  -------------------------------------------------------------------    -------------------
    SLICE_X49Y71         FDRE                         0.000     0.000 r  game_instances_reg[26][visible]/C
    SLICE_X49Y71         FDRE (Prop_fdre_C_Q)         0.141     0.141 r  game_instances_reg[26][visible]/Q
                         net (fo=2, routed)           0.067     0.208    game_instances_reg[26][visible]__0
    SLICE_X49Y71         FDRE                                         r  render_instances_reg[26][visible]/D
  -------------------------------------------------------------------    -------------------

Slack:                    inf
  Source:                 game_instances_reg[29][sprite_id][0]/C
                            (rising edge-triggered cell FDRE)
  Destination:            render_instances_reg[29][sprite_id][0]/D
  Path Group:             (none)
  Path Type:              Min at Fast Process Corner
  Data Path Delay:        0.208ns  (logic 0.141ns (67.788%)  route 0.067ns (32.212%))
  Logic Levels:           1  (FDRE=1)

    Location             Delay type                Incr(ns)  Path(ns)    Netlist Resource(s)
  -------------------------------------------------------------------    -------------------
    SLICE_X59Y72         FDRE                         0.000     0.000 r  game_instances_reg[29][sprite_id][0]/C
    SLICE_X59Y72         FDRE (Prop_fdre_C_Q)         0.141     0.141 r  game_instances_reg[29][sprite_id][0]/Q
                         net (fo=2, routed)           0.067     0.208    game_instances_reg[29][sprite_id][0]
    SLICE_X59Y72         FDRE                                         r  render_instances_reg[29][sprite_id][0]/D
  -------------------------------------------------------------------    -------------------

Slack:                    inf
  Source:                 game_instances_reg[2][sprite_id][0]/C
                            (rising edge-triggered cell FDRE)
  Destination:            render_instances_reg[2][sprite_id][0]/D
  Path Group:             (none)
  Path Type:              Min at Fast Process Corner
  Data Path Delay:        0.208ns  (logic 0.141ns (67.788%)  route 0.067ns (32.212%))
  Logic Levels:           1  (FDRE=1)

    Location             Delay type                Incr(ns)  Path(ns)    Netlist Resource(s)
  -------------------------------------------------------------------    -------------------
    SLICE_X37Y71         FDRE                         0.000     0.000 r  game_instances_reg[2][sprite_id][0]/C
    SLICE_X37Y71         FDRE (Prop_fdre_C_Q)         0.141     0.141 r  game_instances_reg[2][sprite_id][0]/Q
                         net (fo=2, routed)           0.067     0.208    game_instances_reg[2][sprite_id][0]
    SLICE_X37Y71         FDRE                                         r  render_instances_reg[2][sprite_id][0]/D
  -------------------------------------------------------------------    -------------------

Slack:                    inf
  Source:                 game_instances_reg[30][sprite_id][0]/C
                            (rising edge-triggered cell FDRE)
  Destination:            render_instances_reg[30][sprite_id][0]/D
  Path Group:             (none)
  Path Type:              Min at Fast Process Corner
  Data Path Delay:        0.208ns  (logic 0.141ns (67.788%)  route 0.067ns (32.212%))
  Logic Levels:           1  (FDRE=1)

    Location             Delay type                Incr(ns)  Path(ns)    Netlist Resource(s)
  -------------------------------------------------------------------    -------------------
    SLICE_X51Y72         FDRE                         0.000     0.000 r  game_instances_reg[30][sprite_id][0]/C
    SLICE_X51Y72         FDRE (Prop_fdre_C_Q)         0.141     0.141 r  game_instances_reg[30][sprite_id][0]/Q
                         net (fo=2, routed)           0.067     0.208    game_instances_reg[30][sprite_id][0]
    SLICE_X51Y72         FDRE                                         r  render_instances_reg[30][sprite_id][0]/D
  -------------------------------------------------------------------    -------------------





--------------------------------------------------------------------------------------
Path Group:  (none)
From Clock:  
  To Clock:  sys_clk_pin

Max Delay           131 Endpoints
Min Delay           131 Endpoints
--------------------------------------------------------------------------------------


Max Delay Paths
--------------------------------------------------------------------------------------
Slack:                    inf
  Source:                 uart_rx
                            (input port)
  Destination:            command_handler_inst/IC1/bit_cycle_current_reg[20]/D
                            (falling edge-triggered cell FDRE clocked by sys_clk_pin  {rise@0.000ns fall@5.000ns period=10.000ns})
  Path Group:             (none)
  Path Type:              Setup (Max at Slow Process Corner)
  Data Path Delay:        7.259ns  (logic 1.724ns (23.751%)  route 5.535ns (76.249%))
  Logic Levels:           3  (IBUF=1 LUT2=1 LUT4=1)
  Clock Path Skew:        4.855ns (DCD - SCD + CPR)
    Destination Clock Delay (DCD):    4.855ns = ( 9.855 - 5.000 ) 
    Source Clock Delay      (SCD):    0.000ns
    Clock Pessimism Removal (CPR):    0.000ns
  Clock Uncertainty:      0.025ns  ((TSJ^2 + TIJ^2)^1/2 + DJ) / 2 + PE
    Total System Jitter     (TSJ):    0.050ns
    Total Input Jitter      (TIJ):    0.000ns
    Discrete Jitter          (DJ):    0.000ns
    Phase Error              (PE):    0.000ns

    Location             Delay type                Incr(ns)  Path(ns)    Netlist Resource(s)
  -------------------------------------------------------------------    -------------------
    J1                                                0.000     0.000 r  uart_rx (IN)
                         net (fo=0)                   0.000     0.000    uart_rx
    J1                   IBUF (Prop_ibuf_I_O)         1.450     1.450 r  uart_rx_IBUF_inst/O
                         net (fo=37, routed)          3.688     5.139    command_handler_inst/IC1/uart_rx_IBUF
    SLICE_X57Y12         LUT4 (Prop_lut4_I2_O)        0.124     5.263 f  command_handler_inst/IC1/H_stand[1]_i_3/O
                         net (fo=33, routed)          1.847     7.109    command_handler_inst/IC1/H_stand[1]_i_3_n_0
    SLICE_X64Y14         LUT2 (Prop_lut2_I1_O)        0.150     7.259 r  command_handler_inst/IC1/bit_cycle_current[20]_i_1/O
                         net (fo=1, routed)           0.000     7.259    command_handler_inst/IC1/p_1_in[20]
    SLICE_X64Y14         FDRE                                         r  command_handler_inst/IC1/bit_cycle_current_reg[20]/D
  -------------------------------------------------------------------    -------------------

                         (clock sys_clk_pin fall edge)
                                                      5.000     5.000 f  
    W5                                                0.000     5.000 f  clk (IN)
                         net (fo=0)                   0.000     5.000    clk
    W5                   IBUF (Prop_ibuf_I_O)         1.388     6.388 f  clk_IBUF_inst/O
                         net (fo=1, routed)           1.862     8.250    clk_IBUF
    BUFGCTRL_X0Y1        BUFG (Prop_bufg_I_O)         0.091     8.341 f  clk_IBUF_BUFG_inst/O
                         net (fo=202, routed)         1.514     9.855    command_handler_inst/IC1/clk_IBUF_BUFG
    SLICE_X64Y14         FDRE                                         r  command_handler_inst/IC1/bit_cycle_current_reg[20]/C  (IS_INVERTED)

Slack:                    inf
  Source:                 uart_rx
                            (input port)
  Destination:            command_handler_inst/IC1/bit_cycle_current_reg[21]/D
                            (falling edge-triggered cell FDRE clocked by sys_clk_pin  {rise@0.000ns fall@5.000ns period=10.000ns})
  Path Group:             (none)
  Path Type:              Setup (Max at Slow Process Corner)
  Data Path Delay:        7.259ns  (logic 1.722ns (23.724%)  route 5.537ns (76.276%))
  Logic Levels:           3  (IBUF=1 LUT2=1 LUT4=1)
  Clock Path Skew:        4.855ns (DCD - SCD + CPR)
    Destination Clock Delay (DCD):    4.855ns = ( 9.855 - 5.000 ) 
    Source Clock Delay      (SCD):    0.000ns
    Clock Pessimism Removal (CPR):    0.000ns
  Clock Uncertainty:      0.025ns  ((TSJ^2 + TIJ^2)^1/2 + DJ) / 2 + PE
    Total System Jitter     (TSJ):    0.050ns
    Total Input Jitter      (TIJ):    0.000ns
    Discrete Jitter          (DJ):    0.000ns
    Phase Error              (PE):    0.000ns

    Location             Delay type                Incr(ns)  Path(ns)    Netlist Resource(s)
  -------------------------------------------------------------------    -------------------
    J1                                                0.000     0.000 r  uart_rx (IN)
                         net (fo=0)                   0.000     0.000    uart_rx
    J1                   IBUF (Prop_ibuf_I_O)         1.450     1.450 r  uart_rx_IBUF_inst/O
                         net (fo=37, routed)          3.688     5.139    command_handler_inst/IC1/uart_rx_IBUF
    SLICE_X57Y12         LUT4 (Prop_lut4_I2_O)        0.124     5.263 f  command_handler_inst/IC1/H_stand[1]_i_3/O
                         net (fo=33, routed)          1.849     7.111    command_handler_inst/IC1/H_stand[1]_i_3_n_0
    SLICE_X64Y14         LUT2 (Prop_lut2_I1_O)        0.148     7.259 r  command_handler_inst/IC1/bit_cycle_current[21]_i_1/O
                         net (fo=1, routed)           0.000     7.259    command_handler_inst/IC1/p_1_in[21]
    SLICE_X64Y14         FDRE                                         r  command_handler_inst/IC1/bit_cycle_current_reg[21]/D
  -------------------------------------------------------------------    -------------------

                         (clock sys_clk_pin fall edge)
                                                      5.000     5.000 f  
    W5                                                0.000     5.000 f  clk (IN)
                         net (fo=0)                   0.000     5.000    clk
    W5                   IBUF (Prop_ibuf_I_O)         1.388     6.388 f  clk_IBUF_inst/O
                         net (fo=1, routed)           1.862     8.250    clk_IBUF
    BUFGCTRL_X0Y1        BUFG (Prop_bufg_I_O)         0.091     8.341 f  clk_IBUF_BUFG_inst/O
                         net (fo=202, routed)         1.514     9.855    command_handler_inst/IC1/clk_IBUF_BUFG
    SLICE_X64Y14         FDRE                                         r  command_handler_inst/IC1/bit_cycle_current_reg[21]/C  (IS_INVERTED)

Slack:                    inf
  Source:                 uart_rx
                            (input port)
  Destination:            command_handler_inst/IC1/bit_cycle_current_reg[18]/D
                            (falling edge-triggered cell FDRE clocked by sys_clk_pin  {rise@0.000ns fall@5.000ns period=10.000ns})
  Path Group:             (none)
  Path Type:              Setup (Max at Slow Process Corner)
  Data Path Delay:        7.235ns  (logic 1.698ns (23.471%)  route 5.537ns (76.529%))
  Logic Levels:           3  (IBUF=1 LUT2=1 LUT4=1)
  Clock Path Skew:        4.855ns (DCD - SCD + CPR)
    Destination Clock Delay (DCD):    4.855ns = ( 9.855 - 5.000 ) 
    Source Clock Delay      (SCD):    0.000ns
    Clock Pessimism Removal (CPR):    0.000ns
  Clock Uncertainty:      0.025ns  ((TSJ^2 + TIJ^2)^1/2 + DJ) / 2 + PE
    Total System Jitter     (TSJ):    0.050ns
    Total Input Jitter      (TIJ):    0.000ns
    Discrete Jitter          (DJ):    0.000ns
    Phase Error              (PE):    0.000ns

    Location             Delay type                Incr(ns)  Path(ns)    Netlist Resource(s)
  -------------------------------------------------------------------    -------------------
    J1                                                0.000     0.000 r  uart_rx (IN)
                         net (fo=0)                   0.000     0.000    uart_rx
    J1                   IBUF (Prop_ibuf_I_O)         1.450     1.450 r  uart_rx_IBUF_inst/O
                         net (fo=37, routed)          3.688     5.139    command_handler_inst/IC1/uart_rx_IBUF
    SLICE_X57Y12         LUT4 (Prop_lut4_I2_O)        0.124     5.263 f  command_handler_inst/IC1/H_stand[1]_i_3/O
                         net (fo=33, routed)          1.849     7.111    command_handler_inst/IC1/H_stand[1]_i_3_n_0
    SLICE_X64Y14         LUT2 (Prop_lut2_I1_O)        0.124     7.235 r  command_handler_inst/IC1/bit_cycle_current[18]_i_1/O
                         net (fo=1, routed)           0.000     7.235    command_handler_inst/IC1/p_1_in[18]
    SLICE_X64Y14         FDRE                                         r  command_handler_inst/IC1/bit_cycle_current_reg[18]/D
  -------------------------------------------------------------------    -------------------

                         (clock sys_clk_pin fall edge)
                                                      5.000     5.000 f  
    W5                                                0.000     5.000 f  clk (IN)
                         net (fo=0)                   0.000     5.000    clk
    W5                   IBUF (Prop_ibuf_I_O)         1.388     6.388 f  clk_IBUF_inst/O
                         net (fo=1, routed)           1.862     8.250    clk_IBUF
    BUFGCTRL_X0Y1        BUFG (Prop_bufg_I_O)         0.091     8.341 f  clk_IBUF_BUFG_inst/O
                         net (fo=202, routed)         1.514     9.855    command_handler_inst/IC1/clk_IBUF_BUFG
    SLICE_X64Y14         FDRE                                         r  command_handler_inst/IC1/bit_cycle_current_reg[18]/C  (IS_INVERTED)

Slack:                    inf
  Source:                 uart_rx
                            (input port)
  Destination:            command_handler_inst/IC1/bit_cycle_current_reg[19]/D
                            (falling edge-triggered cell FDRE clocked by sys_clk_pin  {rise@0.000ns fall@5.000ns period=10.000ns})
  Path Group:             (none)
  Path Type:              Setup (Max at Slow Process Corner)
  Data Path Delay:        7.233ns  (logic 1.698ns (23.477%)  route 5.535ns (76.523%))
  Logic Levels:           3  (IBUF=1 LUT2=1 LUT4=1)
  Clock Path Skew:        4.855ns (DCD - SCD + CPR)
    Destination Clock Delay (DCD):    4.855ns = ( 9.855 - 5.000 ) 
    Source Clock Delay      (SCD):    0.000ns
    Clock Pessimism Removal (CPR):    0.000ns
  Clock Uncertainty:      0.025ns  ((TSJ^2 + TIJ^2)^1/2 + DJ) / 2 + PE
    Total System Jitter     (TSJ):    0.050ns
    Total Input Jitter      (TIJ):    0.000ns
    Discrete Jitter          (DJ):    0.000ns
    Phase Error              (PE):    0.000ns

    Location             Delay type                Incr(ns)  Path(ns)    Netlist Resource(s)
  -------------------------------------------------------------------    -------------------
    J1                                                0.000     0.000 r  uart_rx (IN)
                         net (fo=0)                   0.000     0.000    uart_rx
    J1                   IBUF (Prop_ibuf_I_O)         1.450     1.450 r  uart_rx_IBUF_inst/O
                         net (fo=37, routed)          3.688     5.139    command_handler_inst/IC1/uart_rx_IBUF
    SLICE_X57Y12         LUT4 (Prop_lut4_I2_O)        0.124     5.263 f  command_handler_inst/IC1/H_stand[1]_i_3/O
                         net (fo=33, routed)          1.847     7.109    command_handler_inst/IC1/H_stand[1]_i_3_n_0
    SLICE_X64Y14         LUT2 (Prop_lut2_I1_O)        0.124     7.233 r  command_handler_inst/IC1/bit_cycle_current[19]_i_1/O
                         net (fo=1, routed)           0.000     7.233    command_handler_inst/IC1/p_1_in[19]
    SLICE_X64Y14         FDRE                                         r  command_handler_inst/IC1/bit_cycle_current_reg[19]/D
  -------------------------------------------------------------------    -------------------

                         (clock sys_clk_pin fall edge)
                                                      5.000     5.000 f  
    W5                                                0.000     5.000 f  clk (IN)
                         net (fo=0)                   0.000     5.000    clk
    W5                   IBUF (Prop_ibuf_I_O)         1.388     6.388 f  clk_IBUF_inst/O
                         net (fo=1, routed)           1.862     8.250    clk_IBUF
    BUFGCTRL_X0Y1        BUFG (Prop_bufg_I_O)         0.091     8.341 f  clk_IBUF_BUFG_inst/O
                         net (fo=202, routed)         1.514     9.855    command_handler_inst/IC1/clk_IBUF_BUFG
    SLICE_X64Y14         FDRE                                         r  command_handler_inst/IC1/bit_cycle_current_reg[19]/C  (IS_INVERTED)

Slack:                    inf
  Source:                 uart_rx
                            (input port)
  Destination:            command_handler_inst/IC1/bit_cycle_current_reg[23]/D
                            (falling edge-triggered cell FDRE clocked by sys_clk_pin  {rise@0.000ns fall@5.000ns period=10.000ns})
  Path Group:             (none)
  Path Type:              Setup (Max at Slow Process Corner)
  Data Path Delay:        7.150ns  (logic 1.698ns (23.752%)  route 5.451ns (76.248%))
  Logic Levels:           3  (IBUF=1 LUT2=1 LUT4=1)
  Clock Path Skew:        4.854ns (DCD - SCD + CPR)
    Destination Clock Delay (DCD):    4.854ns = ( 9.854 - 5.000 ) 
    Source Clock Delay      (SCD):    0.000ns
    Clock Pessimism Removal (CPR):    0.000ns
  Clock Uncertainty:      0.025ns  ((TSJ^2 + TIJ^2)^1/2 + DJ) / 2 + PE
    Total System Jitter     (TSJ):    0.050ns
    Total Input Jitter      (TIJ):    0.000ns
    Discrete Jitter          (DJ):    0.000ns
    Phase Error              (PE):    0.000ns

    Location             Delay type                Incr(ns)  Path(ns)    Netlist Resource(s)
  -------------------------------------------------------------------    -------------------
    J1                                                0.000     0.000 r  uart_rx (IN)
                         net (fo=0)                   0.000     0.000    uart_rx
    J1                   IBUF (Prop_ibuf_I_O)         1.450     1.450 r  uart_rx_IBUF_inst/O
                         net (fo=37, routed)          3.688     5.139    command_handler_inst/IC1/uart_rx_IBUF
    SLICE_X57Y12         LUT4 (Prop_lut4_I2_O)        0.124     5.263 f  command_handler_inst/IC1/H_stand[1]_i_3/O
                         net (fo=33, routed)          1.763     7.026    command_handler_inst/IC1/H_stand[1]_i_3_n_0
    SLICE_X62Y15         LUT2 (Prop_lut2_I1_O)        0.124     7.150 r  command_handler_inst/IC1/bit_cycle_current[23]_i_1/O
                         net (fo=1, routed)           0.000     7.150    command_handler_inst/IC1/p_1_in[23]
    SLICE_X62Y15         FDRE                                         r  command_handler_inst/IC1/bit_cycle_current_reg[23]/D
  -------------------------------------------------------------------    -------------------

                         (clock sys_clk_pin fall edge)
                                                      5.000     5.000 f  
    W5                                                0.000     5.000 f  clk (IN)
                         net (fo=0)                   0.000     5.000    clk
    W5                   IBUF (Prop_ibuf_I_O)         1.388     6.388 f  clk_IBUF_inst/O
                         net (fo=1, routed)           1.862     8.250    clk_IBUF
    BUFGCTRL_X0Y1        BUFG (Prop_bufg_I_O)         0.091     8.341 f  clk_IBUF_BUFG_inst/O
                         net (fo=202, routed)         1.513     9.854    command_handler_inst/IC1/clk_IBUF_BUFG
    SLICE_X62Y15         FDRE                                         r  command_handler_inst/IC1/bit_cycle_current_reg[23]/C  (IS_INVERTED)

Slack:                    inf
  Source:                 uart_rx
                            (input port)
  Destination:            command_handler_inst/IC1/bit_cycle_current_reg[22]/D
                            (falling edge-triggered cell FDRE clocked by sys_clk_pin  {rise@0.000ns fall@5.000ns period=10.000ns})
  Path Group:             (none)
  Path Type:              Setup (Max at Slow Process Corner)
  Data Path Delay:        7.146ns  (logic 1.698ns (23.766%)  route 5.447ns (76.234%))
  Logic Levels:           3  (IBUF=1 LUT2=1 LUT4=1)
  Clock Path Skew:        4.854ns (DCD - SCD + CPR)
    Destination Clock Delay (DCD):    4.854ns = ( 9.854 - 5.000 ) 
    Source Clock Delay      (SCD):    0.000ns
    Clock Pessimism Removal (CPR):    0.000ns
  Clock Uncertainty:      0.025ns  ((TSJ^2 + TIJ^2)^1/2 + DJ) / 2 + PE
    Total System Jitter     (TSJ):    0.050ns
    Total Input Jitter      (TIJ):    0.000ns
    Discrete Jitter          (DJ):    0.000ns
    Phase Error              (PE):    0.000ns

    Location             Delay type                Incr(ns)  Path(ns)    Netlist Resource(s)
  -------------------------------------------------------------------    -------------------
    J1                                                0.000     0.000 r  uart_rx (IN)
                         net (fo=0)                   0.000     0.000    uart_rx
    J1                   IBUF (Prop_ibuf_I_O)         1.450     1.450 r  uart_rx_IBUF_inst/O
                         net (fo=37, routed)          3.688     5.139    command_handler_inst/IC1/uart_rx_IBUF
    SLICE_X57Y12         LUT4 (Prop_lut4_I2_O)        0.124     5.263 f  command_handler_inst/IC1/H_stand[1]_i_3/O
                         net (fo=33, routed)          1.759     7.022    command_handler_inst/IC1/H_stand[1]_i_3_n_0
    SLICE_X62Y15         LUT2 (Prop_lut2_I1_O)        0.124     7.146 r  command_handler_inst/IC1/bit_cycle_current[22]_i_1/O
                         net (fo=1, routed)           0.000     7.146    command_handler_inst/IC1/p_1_in[22]
    SLICE_X62Y15         FDRE                                         r  command_handler_inst/IC1/bit_cycle_current_reg[22]/D
  -------------------------------------------------------------------    -------------------

                         (clock sys_clk_pin fall edge)
                                                      5.000     5.000 f  
    W5                                                0.000     5.000 f  clk (IN)
                         net (fo=0)                   0.000     5.000    clk
    W5                   IBUF (Prop_ibuf_I_O)         1.388     6.388 f  clk_IBUF_inst/O
                         net (fo=1, routed)           1.862     8.250    clk_IBUF
    BUFGCTRL_X0Y1        BUFG (Prop_bufg_I_O)         0.091     8.341 f  clk_IBUF_BUFG_inst/O
                         net (fo=202, routed)         1.513     9.854    command_handler_inst/IC1/clk_IBUF_BUFG
    SLICE_X62Y15         FDRE                                         r  command_handler_inst/IC1/bit_cycle_current_reg[22]/C  (IS_INVERTED)

Slack:                    inf
  Source:                 uart_rx
                            (input port)
  Destination:            command_handler_inst/IC1/bit_cycle_current_reg[24]/D
                            (falling edge-triggered cell FDRE clocked by sys_clk_pin  {rise@0.000ns fall@5.000ns period=10.000ns})
  Path Group:             (none)
  Path Type:              Setup (Max at Slow Process Corner)
  Data Path Delay:        7.145ns  (logic 1.693ns (23.699%)  route 5.451ns (76.301%))
  Logic Levels:           3  (IBUF=1 LUT2=1 LUT4=1)
  Clock Path Skew:        4.854ns (DCD - SCD + CPR)
    Destination Clock Delay (DCD):    4.854ns = ( 9.854 - 5.000 ) 
    Source Clock Delay      (SCD):    0.000ns
    Clock Pessimism Removal (CPR):    0.000ns
  Clock Uncertainty:      0.025ns  ((TSJ^2 + TIJ^2)^1/2 + DJ) / 2 + PE
    Total System Jitter     (TSJ):    0.050ns
    Total Input Jitter      (TIJ):    0.000ns
    Discrete Jitter          (DJ):    0.000ns
    Phase Error              (PE):    0.000ns

    Location             Delay type                Incr(ns)  Path(ns)    Netlist Resource(s)
  -------------------------------------------------------------------    -------------------
    J1                                                0.000     0.000 r  uart_rx (IN)
                         net (fo=0)                   0.000     0.000    uart_rx
    J1                   IBUF (Prop_ibuf_I_O)         1.450     1.450 r  uart_rx_IBUF_inst/O
                         net (fo=37, routed)          3.688     5.139    command_handler_inst/IC1/uart_rx_IBUF
    SLICE_X57Y12         LUT4 (Prop_lut4_I2_O)        0.124     5.263 f  command_handler_inst/IC1/H_stand[1]_i_3/O
                         net (fo=33, routed)          1.763     7.026    command_handler_inst/IC1/H_stand[1]_i_3_n_0
    SLICE_X62Y15         LUT2 (Prop_lut2_I1_O)        0.119     7.145 r  command_handler_inst/IC1/bit_cycle_current[24]_i_1/O
                         net (fo=1, routed)           0.000     7.145    command_handler_inst/IC1/p_1_in[24]
    SLICE_X62Y15         FDRE                                         r  command_handler_inst/IC1/bit_cycle_current_reg[24]/D
  -------------------------------------------------------------------    -------------------

                         (clock sys_clk_pin fall edge)
                                                      5.000     5.000 f  
    W5                                                0.000     5.000 f  clk (IN)
                         net (fo=0)                   0.000     5.000    clk
    W5                   IBUF (Prop_ibuf_I_O)         1.388     6.388 f  clk_IBUF_inst/O
                         net (fo=1, routed)           1.862     8.250    clk_IBUF
    BUFGCTRL_X0Y1        BUFG (Prop_bufg_I_O)         0.091     8.341 f  clk_IBUF_BUFG_inst/O
                         net (fo=202, routed)         1.513     9.854    command_handler_inst/IC1/clk_IBUF_BUFG
    SLICE_X62Y15         FDRE                                         r  command_handler_inst/IC1/bit_cycle_current_reg[24]/C  (IS_INVERTED)

Slack:                    inf
  Source:                 uart_rx
                            (input port)
  Destination:            command_handler_inst/IC1/bit_cycle_current_reg[25]/D
                            (falling edge-triggered cell FDRE clocked by sys_clk_pin  {rise@0.000ns fall@5.000ns period=10.000ns})
  Path Group:             (none)
  Path Type:              Setup (Max at Slow Process Corner)
  Data Path Delay:        7.140ns  (logic 1.692ns (23.701%)  route 5.447ns (76.299%))
  Logic Levels:           3  (IBUF=1 LUT2=1 LUT4=1)
  Clock Path Skew:        4.854ns (DCD - SCD + CPR)
    Destination Clock Delay (DCD):    4.854ns = ( 9.854 - 5.000 ) 
    Source Clock Delay      (SCD):    0.000ns
    Clock Pessimism Removal (CPR):    0.000ns
  Clock Uncertainty:      0.025ns  ((TSJ^2 + TIJ^2)^1/2 + DJ) / 2 + PE
    Total System Jitter     (TSJ):    0.050ns
    Total Input Jitter      (TIJ):    0.000ns
    Discrete Jitter          (DJ):    0.000ns
    Phase Error              (PE):    0.000ns

    Location             Delay type                Incr(ns)  Path(ns)    Netlist Resource(s)
  -------------------------------------------------------------------    -------------------
    J1                                                0.000     0.000 r  uart_rx (IN)
                         net (fo=0)                   0.000     0.000    uart_rx
    J1                   IBUF (Prop_ibuf_I_O)         1.450     1.450 r  uart_rx_IBUF_inst/O
                         net (fo=37, routed)          3.688     5.139    command_handler_inst/IC1/uart_rx_IBUF
    SLICE_X57Y12         LUT4 (Prop_lut4_I2_O)        0.124     5.263 f  command_handler_inst/IC1/H_stand[1]_i_3/O
                         net (fo=33, routed)          1.759     7.022    command_handler_inst/IC1/H_stand[1]_i_3_n_0
    SLICE_X62Y15         LUT2 (Prop_lut2_I1_O)        0.118     7.140 r  command_handler_inst/IC1/bit_cycle_current[25]_i_1/O
                         net (fo=1, routed)           0.000     7.140    command_handler_inst/IC1/p_1_in[25]
    SLICE_X62Y15         FDRE                                         r  command_handler_inst/IC1/bit_cycle_current_reg[25]/D
  -------------------------------------------------------------------    -------------------

                         (clock sys_clk_pin fall edge)
                                                      5.000     5.000 f  
    W5                                                0.000     5.000 f  clk (IN)
                         net (fo=0)                   0.000     5.000    clk
    W5                   IBUF (Prop_ibuf_I_O)         1.388     6.388 f  clk_IBUF_inst/O
                         net (fo=1, routed)           1.862     8.250    clk_IBUF
    BUFGCTRL_X0Y1        BUFG (Prop_bufg_I_O)         0.091     8.341 f  clk_IBUF_BUFG_inst/O
                         net (fo=202, routed)         1.513     9.854    command_handler_inst/IC1/clk_IBUF_BUFG
    SLICE_X62Y15         FDRE                                         r  command_handler_inst/IC1/bit_cycle_current_reg[25]/C  (IS_INVERTED)

Slack:                    inf
  Source:                 uart_rx
                            (input port)
  Destination:            command_handler_inst/IC1/bit_cycle_current_reg[29]/D
                            (falling edge-triggered cell FDRE clocked by sys_clk_pin  {rise@0.000ns fall@5.000ns period=10.000ns})
  Path Group:             (none)
  Path Type:              Setup (Max at Slow Process Corner)
  Data Path Delay:        7.107ns  (logic 1.728ns (24.317%)  route 5.379ns (75.683%))
  Logic Levels:           3  (IBUF=1 LUT2=1 LUT4=1)
  Clock Path Skew:        4.854ns (DCD - SCD + CPR)
    Destination Clock Delay (DCD):    4.854ns = ( 9.854 - 5.000 ) 
    Source Clock Delay      (SCD):    0.000ns
    Clock Pessimism Removal (CPR):    0.000ns
  Clock Uncertainty:      0.025ns  ((TSJ^2 + TIJ^2)^1/2 + DJ) / 2 + PE
    Total System Jitter     (TSJ):    0.050ns
    Total Input Jitter      (TIJ):    0.000ns
    Discrete Jitter          (DJ):    0.000ns
    Phase Error              (PE):    0.000ns

    Location             Delay type                Incr(ns)  Path(ns)    Netlist Resource(s)
  -------------------------------------------------------------------    -------------------
    J1                                                0.000     0.000 r  uart_rx (IN)
                         net (fo=0)                   0.000     0.000    uart_rx
    J1                   IBUF (Prop_ibuf_I_O)         1.450     1.450 r  uart_rx_IBUF_inst/O
                         net (fo=37, routed)          3.688     5.139    command_handler_inst/IC1/uart_rx_IBUF
    SLICE_X57Y12         LUT4 (Prop_lut4_I2_O)        0.124     5.263 f  command_handler_inst/IC1/H_stand[1]_i_3/O
                         net (fo=33, routed)          1.690     6.953    command_handler_inst/IC1/H_stand[1]_i_3_n_0
    SLICE_X62Y15         LUT2 (Prop_lut2_I1_O)        0.154     7.107 r  command_handler_inst/IC1/bit_cycle_current[29]_i_1/O
                         net (fo=1, routed)           0.000     7.107    command_handler_inst/IC1/p_1_in[29]
    SLICE_X62Y15         FDRE                                         r  command_handler_inst/IC1/bit_cycle_current_reg[29]/D
  -------------------------------------------------------------------    -------------------

                         (clock sys_clk_pin fall edge)
                                                      5.000     5.000 f  
    W5                                                0.000     5.000 f  clk (IN)
                         net (fo=0)                   0.000     5.000    clk
    W5                   IBUF (Prop_ibuf_I_O)         1.388     6.388 f  clk_IBUF_inst/O
                         net (fo=1, routed)           1.862     8.250    clk_IBUF
    BUFGCTRL_X0Y1        BUFG (Prop_bufg_I_O)         0.091     8.341 f  clk_IBUF_BUFG_inst/O
                         net (fo=202, routed)         1.513     9.854    command_handler_inst/IC1/clk_IBUF_BUFG
    SLICE_X62Y15         FDRE                                         r  command_handler_inst/IC1/bit_cycle_current_reg[29]/C  (IS_INVERTED)

Slack:                    inf
  Source:                 uart_rx
                            (input port)
  Destination:            command_handler_inst/IC1/bit_cycle_current_reg[31]/D
                            (falling edge-triggered cell FDRE clocked by sys_clk_pin  {rise@0.000ns fall@5.000ns period=10.000ns})
  Path Group:             (none)
  Path Type:              Setup (Max at Slow Process Corner)
  Data Path Delay:        7.103ns  (logic 1.723ns (24.259%)  route 5.380ns (75.741%))
  Logic Levels:           3  (IBUF=1 LUT2=1 LUT4=1)
  Clock Path Skew:        4.854ns (DCD - SCD + CPR)
    Destination Clock Delay (DCD):    4.854ns = ( 9.854 - 5.000 ) 
    Source Clock Delay      (SCD):    0.000ns
    Clock Pessimism Removal (CPR):    0.000ns
  Clock Uncertainty:      0.025ns  ((TSJ^2 + TIJ^2)^1/2 + DJ) / 2 + PE
    Total System Jitter     (TSJ):    0.050ns
    Total Input Jitter      (TIJ):    0.000ns
    Discrete Jitter          (DJ):    0.000ns
    Phase Error              (PE):    0.000ns

    Location             Delay type                Incr(ns)  Path(ns)    Netlist Resource(s)
  -------------------------------------------------------------------    -------------------
    J1                                                0.000     0.000 r  uart_rx (IN)
                         net (fo=0)                   0.000     0.000    uart_rx
    J1                   IBUF (Prop_ibuf_I_O)         1.450     1.450 r  uart_rx_IBUF_inst/O
                         net (fo=37, routed)          3.688     5.139    command_handler_inst/IC1/uart_rx_IBUF
    SLICE_X57Y12         LUT4 (Prop_lut4_I2_O)        0.124     5.263 f  command_handler_inst/IC1/H_stand[1]_i_3/O
                         net (fo=33, routed)          1.692     6.954    command_handler_inst/IC1/H_stand[1]_i_3_n_0
    SLICE_X62Y15         LUT2 (Prop_lut2_I1_O)        0.149     7.103 r  command_handler_inst/IC1/bit_cycle_current[31]_i_3/O
                         net (fo=1, routed)           0.000     7.103    command_handler_inst/IC1/p_1_in[31]
    SLICE_X62Y15         FDRE                                         r  command_handler_inst/IC1/bit_cycle_current_reg[31]/D
  -------------------------------------------------------------------    -------------------

                         (clock sys_clk_pin fall edge)
                                                      5.000     5.000 f  
    W5                                                0.000     5.000 f  clk (IN)
                         net (fo=0)                   0.000     5.000    clk
    W5                   IBUF (Prop_ibuf_I_O)         1.388     6.388 f  clk_IBUF_inst/O
                         net (fo=1, routed)           1.862     8.250    clk_IBUF
    BUFGCTRL_X0Y1        BUFG (Prop_bufg_I_O)         0.091     8.341 f  clk_IBUF_BUFG_inst/O
                         net (fo=202, routed)         1.513     9.854    command_handler_inst/IC1/clk_IBUF_BUFG
    SLICE_X62Y15         FDRE                                         r  command_handler_inst/IC1/bit_cycle_current_reg[31]/C  (IS_INVERTED)





Min Delay Paths
--------------------------------------------------------------------------------------
Slack:                    inf
  Source:                 uart_rx
                            (input port)
  Destination:            command_handler_inst/IC1/bit_cycle_current_reg[7]/CE
                            (falling edge-triggered cell FDRE clocked by sys_clk_pin  {rise@0.000ns fall@5.000ns period=10.000ns})
  Path Group:             (none)
  Path Type:              Hold (Min at Fast Process Corner)
  Data Path Delay:        1.651ns  (logic 0.263ns (15.948%)  route 1.388ns (84.052%))
  Logic Levels:           2  (IBUF=1 LUT5=1)
  Clock Path Skew:        1.989ns (DCD - SCD - CPR)
    Destination Clock Delay (DCD):    1.989ns = ( 6.989 - 5.000 ) 
    Source Clock Delay      (SCD):    0.000ns
    Clock Pessimism Removal (CPR):    -0.000ns

    Location             Delay type                Incr(ns)  Path(ns)    Netlist Resource(s)
  -------------------------------------------------------------------    -------------------
    J1                                                0.000     0.000 r  uart_rx (IN)
                         net (fo=0)                   0.000     0.000    uart_rx
    J1                   IBUF (Prop_ibuf_I_O)         0.218     0.218 r  uart_rx_IBUF_inst/O
                         net (fo=37, routed)          1.226     1.444    command_handler_inst/IC1/uart_rx_IBUF
    SLICE_X61Y10         LUT5 (Prop_lut5_I4_O)        0.045     1.489 r  command_handler_inst/IC1/bit_cycle_current[31]_i_2/O
                         net (fo=32, routed)          0.162     1.651    command_handler_inst/IC1/bit_cycle_current
    SLICE_X61Y11         FDRE                                         r  command_handler_inst/IC1/bit_cycle_current_reg[7]/CE
  -------------------------------------------------------------------    -------------------

                         (clock sys_clk_pin fall edge)
                                                      5.000     5.000 f  
    W5                                                0.000     5.000 f  clk (IN)
                         net (fo=0)                   0.000     5.000    clk
    W5                   IBUF (Prop_ibuf_I_O)         0.414     5.414 f  clk_IBUF_inst/O
                         net (fo=1, routed)           0.685     6.099    clk_IBUF
    BUFGCTRL_X0Y1        BUFG (Prop_bufg_I_O)         0.029     6.128 f  clk_IBUF_BUFG_inst/O
                         net (fo=202, routed)         0.862     6.989    command_handler_inst/IC1/clk_IBUF_BUFG
    SLICE_X61Y11         FDRE                                         r  command_handler_inst/IC1/bit_cycle_current_reg[7]/C  (IS_INVERTED)

Slack:                    inf
  Source:                 uart_rx
                            (input port)
  Destination:            command_handler_inst/IC1/bit_cycle_current_reg[8]/CE
                            (falling edge-triggered cell FDRE clocked by sys_clk_pin  {rise@0.000ns fall@5.000ns period=10.000ns})
  Path Group:             (none)
  Path Type:              Hold (Min at Fast Process Corner)
  Data Path Delay:        1.651ns  (logic 0.263ns (15.948%)  route 1.388ns (84.052%))
  Logic Levels:           2  (IBUF=1 LUT5=1)
  Clock Path Skew:        1.989ns (DCD - SCD - CPR)
    Destination Clock Delay (DCD):    1.989ns = ( 6.989 - 5.000 ) 
    Source Clock Delay      (SCD):    0.000ns
    Clock Pessimism Removal (CPR):    -0.000ns

    Location             Delay type                Incr(ns)  Path(ns)    Netlist Resource(s)
  -------------------------------------------------------------------    -------------------
    J1                                                0.000     0.000 r  uart_rx (IN)
                         net (fo=0)                   0.000     0.000    uart_rx
    J1                   IBUF (Prop_ibuf_I_O)         0.218     0.218 r  uart_rx_IBUF_inst/O
                         net (fo=37, routed)          1.226     1.444    command_handler_inst/IC1/uart_rx_IBUF
    SLICE_X61Y10         LUT5 (Prop_lut5_I4_O)        0.045     1.489 r  command_handler_inst/IC1/bit_cycle_current[31]_i_2/O
                         net (fo=32, routed)          0.162     1.651    command_handler_inst/IC1/bit_cycle_current
    SLICE_X61Y11         FDRE                                         r  command_handler_inst/IC1/bit_cycle_current_reg[8]/CE
  -------------------------------------------------------------------    -------------------

                         (clock sys_clk_pin fall edge)
                                                      5.000     5.000 f  
    W5                                                0.000     5.000 f  clk (IN)
                         net (fo=0)                   0.000     5.000    clk
    W5                   IBUF (Prop_ibuf_I_O)         0.414     5.414 f  clk_IBUF_inst/O
                         net (fo=1, routed)           0.685     6.099    clk_IBUF
    BUFGCTRL_X0Y1        BUFG (Prop_bufg_I_O)         0.029     6.128 f  clk_IBUF_BUFG_inst/O
                         net (fo=202, routed)         0.862     6.989    command_handler_inst/IC1/clk_IBUF_BUFG
    SLICE_X61Y11         FDRE                                         r  command_handler_inst/IC1/bit_cycle_current_reg[8]/C  (IS_INVERTED)

Slack:                    inf
  Source:                 uart_rx
                            (input port)
  Destination:            command_handler_inst/IC1/bit_cycle_current_reg[10]/R
                            (falling edge-triggered cell FDRE clocked by sys_clk_pin  {rise@0.000ns fall@5.000ns period=10.000ns})
  Path Group:             (none)
  Path Type:              Hold (Min at Fast Process Corner)
  Data Path Delay:        1.661ns  (logic 0.261ns (15.736%)  route 1.399ns (84.264%))
  Logic Levels:           2  (IBUF=1 LUT5=1)
  Clock Path Skew:        1.989ns (DCD - SCD - CPR)
    Destination Clock Delay (DCD):    1.989ns = ( 6.989 - 5.000 ) 
    Source Clock Delay      (SCD):    0.000ns
    Clock Pessimism Removal (CPR):    -0.000ns

    Location             Delay type                Incr(ns)  Path(ns)    Netlist Resource(s)
  -------------------------------------------------------------------    -------------------
    J1                                                0.000     0.000 f  uart_rx (IN)
                         net (fo=0)                   0.000     0.000    uart_rx
    J1                   IBUF (Prop_ibuf_I_O)         0.218     0.218 f  uart_rx_IBUF_inst/O
                         net (fo=37, routed)          1.226     1.444    command_handler_inst/IC1/uart_rx_IBUF
    SLICE_X61Y10         LUT5 (Prop_lut5_I3_O)        0.043     1.487 r  command_handler_inst/IC1/bit_cycle_current[31]_i_1/O
                         net (fo=32, routed)          0.173     1.661    command_handler_inst/IC1/bit_cycle_current[31]_i_1_n_0
    SLICE_X61Y10         FDRE                                         r  command_handler_inst/IC1/bit_cycle_current_reg[10]/R
  -------------------------------------------------------------------    -------------------

                         (clock sys_clk_pin fall edge)
                                                      5.000     5.000 f  
    W5                                                0.000     5.000 f  clk (IN)
                         net (fo=0)                   0.000     5.000    clk
    W5                   IBUF (Prop_ibuf_I_O)         0.414     5.414 f  clk_IBUF_inst/O
                         net (fo=1, routed)           0.685     6.099    clk_IBUF
    BUFGCTRL_X0Y1        BUFG (Prop_bufg_I_O)         0.029     6.128 f  clk_IBUF_BUFG_inst/O
                         net (fo=202, routed)         0.862     6.989    command_handler_inst/IC1/clk_IBUF_BUFG
    SLICE_X61Y10         FDRE                                         r  command_handler_inst/IC1/bit_cycle_current_reg[10]/C  (IS_INVERTED)

Slack:                    inf
  Source:                 uart_rx
                            (input port)
  Destination:            command_handler_inst/IC1/bit_cycle_current_reg[13]/R
                            (falling edge-triggered cell FDRE clocked by sys_clk_pin  {rise@0.000ns fall@5.000ns period=10.000ns})
  Path Group:             (none)
  Path Type:              Hold (Min at Fast Process Corner)
  Data Path Delay:        1.661ns  (logic 0.261ns (15.736%)  route 1.399ns (84.264%))
  Logic Levels:           2  (IBUF=1 LUT5=1)
  Clock Path Skew:        1.989ns (DCD - SCD - CPR)
    Destination Clock Delay (DCD):    1.989ns = ( 6.989 - 5.000 ) 
    Source Clock Delay      (SCD):    0.000ns
    Clock Pessimism Removal (CPR):    -0.000ns

    Location             Delay type                Incr(ns)  Path(ns)    Netlist Resource(s)
  -------------------------------------------------------------------    -------------------
    J1                                                0.000     0.000 f  uart_rx (IN)
                         net (fo=0)                   0.000     0.000    uart_rx
    J1                   IBUF (Prop_ibuf_I_O)         0.218     0.218 f  uart_rx_IBUF_inst/O
                         net (fo=37, routed)          1.226     1.444    command_handler_inst/IC1/uart_rx_IBUF
    SLICE_X61Y10         LUT5 (Prop_lut5_I3_O)        0.043     1.487 r  command_handler_inst/IC1/bit_cycle_current[31]_i_1/O
                         net (fo=32, routed)          0.173     1.661    command_handler_inst/IC1/bit_cycle_current[31]_i_1_n_0
    SLICE_X61Y10         FDRE                                         r  command_handler_inst/IC1/bit_cycle_current_reg[13]/R
  -------------------------------------------------------------------    -------------------

                         (clock sys_clk_pin fall edge)
                                                      5.000     5.000 f  
    W5                                                0.000     5.000 f  clk (IN)
                         net (fo=0)                   0.000     5.000    clk
    W5                   IBUF (Prop_ibuf_I_O)         0.414     5.414 f  clk_IBUF_inst/O
                         net (fo=1, routed)           0.685     6.099    clk_IBUF
    BUFGCTRL_X0Y1        BUFG (Prop_bufg_I_O)         0.029     6.128 f  clk_IBUF_BUFG_inst/O
                         net (fo=202, routed)         0.862     6.989    command_handler_inst/IC1/clk_IBUF_BUFG
    SLICE_X61Y10         FDRE                                         r  command_handler_inst/IC1/bit_cycle_current_reg[13]/C  (IS_INVERTED)

Slack:                    inf
  Source:                 uart_rx
                            (input port)
  Destination:            command_handler_inst/IC1/bit_cycle_current_reg[1]/CE
                            (falling edge-triggered cell FDRE clocked by sys_clk_pin  {rise@0.000ns fall@5.000ns period=10.000ns})
  Path Group:             (none)
  Path Type:              Hold (Min at Fast Process Corner)
  Data Path Delay:        1.698ns  (logic 0.263ns (15.508%)  route 1.435ns (84.492%))
  Logic Levels:           2  (IBUF=1 LUT5=1)
  Clock Path Skew:        1.991ns (DCD - SCD - CPR)
    Destination Clock Delay (DCD):    1.991ns = ( 6.991 - 5.000 ) 
    Source Clock Delay      (SCD):    0.000ns
    Clock Pessimism Removal (CPR):    -0.000ns

    Location             Delay type                Incr(ns)  Path(ns)    Netlist Resource(s)
  -------------------------------------------------------------------    -------------------
    J1                                                0.000     0.000 r  uart_rx (IN)
                         net (fo=0)                   0.000     0.000    uart_rx
    J1                   IBUF (Prop_ibuf_I_O)         0.218     0.218 r  uart_rx_IBUF_inst/O
                         net (fo=37, routed)          1.226     1.444    command_handler_inst/IC1/uart_rx_IBUF
    SLICE_X61Y10         LUT5 (Prop_lut5_I4_O)        0.045     1.489 r  command_handler_inst/IC1/bit_cycle_current[31]_i_2/O
                         net (fo=32, routed)          0.209     1.698    command_handler_inst/IC1/bit_cycle_current
    SLICE_X64Y10         FDRE                                         r  command_handler_inst/IC1/bit_cycle_current_reg[1]/CE
  -------------------------------------------------------------------    -------------------

                         (clock sys_clk_pin fall edge)
                                                      5.000     5.000 f  
    W5                                                0.000     5.000 f  clk (IN)
                         net (fo=0)                   0.000     5.000    clk
    W5                   IBUF (Prop_ibuf_I_O)         0.414     5.414 f  clk_IBUF_inst/O
                         net (fo=1, routed)           0.685     6.099    clk_IBUF
    BUFGCTRL_X0Y1        BUFG (Prop_bufg_I_O)         0.029     6.128 f  clk_IBUF_BUFG_inst/O
                         net (fo=202, routed)         0.864     6.991    command_handler_inst/IC1/clk_IBUF_BUFG
    SLICE_X64Y10         FDRE                                         r  command_handler_inst/IC1/bit_cycle_current_reg[1]/C  (IS_INVERTED)

Slack:                    inf
  Source:                 uart_rx
                            (input port)
  Destination:            command_handler_inst/IC1/bit_cycle_current_reg[2]/CE
                            (falling edge-triggered cell FDRE clocked by sys_clk_pin  {rise@0.000ns fall@5.000ns period=10.000ns})
  Path Group:             (none)
  Path Type:              Hold (Min at Fast Process Corner)
  Data Path Delay:        1.698ns  (logic 0.263ns (15.508%)  route 1.435ns (84.492%))
  Logic Levels:           2  (IBUF=1 LUT5=1)
  Clock Path Skew:        1.991ns (DCD - SCD - CPR)
    Destination Clock Delay (DCD):    1.991ns = ( 6.991 - 5.000 ) 
    Source Clock Delay      (SCD):    0.000ns
    Clock Pessimism Removal (CPR):    -0.000ns

    Location             Delay type                Incr(ns)  Path(ns)    Netlist Resource(s)
  -------------------------------------------------------------------    -------------------
    J1                                                0.000     0.000 r  uart_rx (IN)
                         net (fo=0)                   0.000     0.000    uart_rx
    J1                   IBUF (Prop_ibuf_I_O)         0.218     0.218 r  uart_rx_IBUF_inst/O
                         net (fo=37, routed)          1.226     1.444    command_handler_inst/IC1/uart_rx_IBUF
    SLICE_X61Y10         LUT5 (Prop_lut5_I4_O)        0.045     1.489 r  command_handler_inst/IC1/bit_cycle_current[31]_i_2/O
                         net (fo=32, routed)          0.209     1.698    command_handler_inst/IC1/bit_cycle_current
    SLICE_X64Y10         FDRE                                         r  command_handler_inst/IC1/bit_cycle_current_reg[2]/CE
  -------------------------------------------------------------------    -------------------

                         (clock sys_clk_pin fall edge)
                                                      5.000     5.000 f  
    W5                                                0.000     5.000 f  clk (IN)
                         net (fo=0)                   0.000     5.000    clk
    W5                   IBUF (Prop_ibuf_I_O)         0.414     5.414 f  clk_IBUF_inst/O
                         net (fo=1, routed)           0.685     6.099    clk_IBUF
    BUFGCTRL_X0Y1        BUFG (Prop_bufg_I_O)         0.029     6.128 f  clk_IBUF_BUFG_inst/O
                         net (fo=202, routed)         0.864     6.991    command_handler_inst/IC1/clk_IBUF_BUFG
    SLICE_X64Y10         FDRE                                         r  command_handler_inst/IC1/bit_cycle_current_reg[2]/C  (IS_INVERTED)

Slack:                    inf
  Source:                 uart_rx
                            (input port)
  Destination:            command_handler_inst/IC1/bit_cycle_current_reg[3]/CE
                            (falling edge-triggered cell FDRE clocked by sys_clk_pin  {rise@0.000ns fall@5.000ns period=10.000ns})
  Path Group:             (none)
  Path Type:              Hold (Min at Fast Process Corner)
  Data Path Delay:        1.698ns  (logic 0.263ns (15.508%)  route 1.435ns (84.492%))
  Logic Levels:           2  (IBUF=1 LUT5=1)
  Clock Path Skew:        1.991ns (DCD - SCD - CPR)
    Destination Clock Delay (DCD):    1.991ns = ( 6.991 - 5.000 ) 
    Source Clock Delay      (SCD):    0.000ns
    Clock Pessimism Removal (CPR):    -0.000ns

    Location             Delay type                Incr(ns)  Path(ns)    Netlist Resource(s)
  -------------------------------------------------------------------    -------------------
    J1                                                0.000     0.000 r  uart_rx (IN)
                         net (fo=0)                   0.000     0.000    uart_rx
    J1                   IBUF (Prop_ibuf_I_O)         0.218     0.218 r  uart_rx_IBUF_inst/O
                         net (fo=37, routed)          1.226     1.444    command_handler_inst/IC1/uart_rx_IBUF
    SLICE_X61Y10         LUT5 (Prop_lut5_I4_O)        0.045     1.489 r  command_handler_inst/IC1/bit_cycle_current[31]_i_2/O
                         net (fo=32, routed)          0.209     1.698    command_handler_inst/IC1/bit_cycle_current
    SLICE_X64Y10         FDRE                                         r  command_handler_inst/IC1/bit_cycle_current_reg[3]/CE
  -------------------------------------------------------------------    -------------------

                         (clock sys_clk_pin fall edge)
                                                      5.000     5.000 f  
    W5                                                0.000     5.000 f  clk (IN)
                         net (fo=0)                   0.000     5.000    clk
    W5                   IBUF (Prop_ibuf_I_O)         0.414     5.414 f  clk_IBUF_inst/O
                         net (fo=1, routed)           0.685     6.099    clk_IBUF
    BUFGCTRL_X0Y1        BUFG (Prop_bufg_I_O)         0.029     6.128 f  clk_IBUF_BUFG_inst/O
                         net (fo=202, routed)         0.864     6.991    command_handler_inst/IC1/clk_IBUF_BUFG
    SLICE_X64Y10         FDRE                                         r  command_handler_inst/IC1/bit_cycle_current_reg[3]/C  (IS_INVERTED)

Slack:                    inf
  Source:                 uart_rx
                            (input port)
  Destination:            command_handler_inst/IC1/bit_cycle_current_reg[4]/CE
                            (falling edge-triggered cell FDRE clocked by sys_clk_pin  {rise@0.000ns fall@5.000ns period=10.000ns})
  Path Group:             (none)
  Path Type:              Hold (Min at Fast Process Corner)
  Data Path Delay:        1.698ns  (logic 0.263ns (15.508%)  route 1.435ns (84.492%))
  Logic Levels:           2  (IBUF=1 LUT5=1)
  Clock Path Skew:        1.991ns (DCD - SCD - CPR)
    Destination Clock Delay (DCD):    1.991ns = ( 6.991 - 5.000 ) 
    Source Clock Delay      (SCD):    0.000ns
    Clock Pessimism Removal (CPR):    -0.000ns

    Location             Delay type                Incr(ns)  Path(ns)    Netlist Resource(s)
  -------------------------------------------------------------------    -------------------
    J1                                                0.000     0.000 r  uart_rx (IN)
                         net (fo=0)                   0.000     0.000    uart_rx
    J1                   IBUF (Prop_ibuf_I_O)         0.218     0.218 r  uart_rx_IBUF_inst/O
                         net (fo=37, routed)          1.226     1.444    command_handler_inst/IC1/uart_rx_IBUF
    SLICE_X61Y10         LUT5 (Prop_lut5_I4_O)        0.045     1.489 r  command_handler_inst/IC1/bit_cycle_current[31]_i_2/O
                         net (fo=32, routed)          0.209     1.698    command_handler_inst/IC1/bit_cycle_current
    SLICE_X64Y10         FDRE                                         r  command_handler_inst/IC1/bit_cycle_current_reg[4]/CE
  -------------------------------------------------------------------    -------------------

                         (clock sys_clk_pin fall edge)
                                                      5.000     5.000 f  
    W5                                                0.000     5.000 f  clk (IN)
                         net (fo=0)                   0.000     5.000    clk
    W5                   IBUF (Prop_ibuf_I_O)         0.414     5.414 f  clk_IBUF_inst/O
                         net (fo=1, routed)           0.685     6.099    clk_IBUF
    BUFGCTRL_X0Y1        BUFG (Prop_bufg_I_O)         0.029     6.128 f  clk_IBUF_BUFG_inst/O
                         net (fo=202, routed)         0.864     6.991    command_handler_inst/IC1/clk_IBUF_BUFG
    SLICE_X64Y10         FDRE                                         r  command_handler_inst/IC1/bit_cycle_current_reg[4]/C  (IS_INVERTED)

Slack:                    inf
  Source:                 uart_rx
                            (input port)
  Destination:            command_handler_inst/IC1/bit_cycle_current_reg[0]/CE
                            (falling edge-triggered cell FDRE clocked by sys_clk_pin  {rise@0.000ns fall@5.000ns period=10.000ns})
  Path Group:             (none)
  Path Type:              Hold (Min at Fast Process Corner)
  Data Path Delay:        1.710ns  (logic 0.263ns (15.397%)  route 1.447ns (84.603%))
  Logic Levels:           2  (IBUF=1 LUT5=1)
  Clock Path Skew:        1.991ns (DCD - SCD - CPR)
    Destination Clock Delay (DCD):    1.991ns = ( 6.991 - 5.000 ) 
    Source Clock Delay      (SCD):    0.000ns
    Clock Pessimism Removal (CPR):    -0.000ns

    Location             Delay type                Incr(ns)  Path(ns)    Netlist Resource(s)
  -------------------------------------------------------------------    -------------------
    J1                                                0.000     0.000 r  uart_rx (IN)
                         net (fo=0)                   0.000     0.000    uart_rx
    J1                   IBUF (Prop_ibuf_I_O)         0.218     0.218 r  uart_rx_IBUF_inst/O
                         net (fo=37, routed)          1.226     1.444    command_handler_inst/IC1/uart_rx_IBUF
    SLICE_X61Y10         LUT5 (Prop_lut5_I4_O)        0.045     1.489 r  command_handler_inst/IC1/bit_cycle_current[31]_i_2/O
                         net (fo=32, routed)          0.221     1.710    command_handler_inst/IC1/bit_cycle_current
    SLICE_X64Y11         FDRE                                         r  command_handler_inst/IC1/bit_cycle_current_reg[0]/CE
  -------------------------------------------------------------------    -------------------

                         (clock sys_clk_pin fall edge)
                                                      5.000     5.000 f  
    W5                                                0.000     5.000 f  clk (IN)
                         net (fo=0)                   0.000     5.000    clk
    W5                   IBUF (Prop_ibuf_I_O)         0.414     5.414 f  clk_IBUF_inst/O
                         net (fo=1, routed)           0.685     6.099    clk_IBUF
    BUFGCTRL_X0Y1        BUFG (Prop_bufg_I_O)         0.029     6.128 f  clk_IBUF_BUFG_inst/O
                         net (fo=202, routed)         0.864     6.991    command_handler_inst/IC1/clk_IBUF_BUFG
    SLICE_X64Y11         FDRE                                         r  command_handler_inst/IC1/bit_cycle_current_reg[0]/C  (IS_INVERTED)

Slack:                    inf
  Source:                 uart_rx
                            (input port)
  Destination:            command_handler_inst/IC1/bit_cycle_current_reg[5]/CE
                            (falling edge-triggered cell FDRE clocked by sys_clk_pin  {rise@0.000ns fall@5.000ns period=10.000ns})
  Path Group:             (none)
  Path Type:              Hold (Min at Fast Process Corner)
  Data Path Delay:        1.710ns  (logic 0.263ns (15.397%)  route 1.447ns (84.603%))
  Logic Levels:           2  (IBUF=1 LUT5=1)
  Clock Path Skew:        1.991ns (DCD - SCD - CPR)
    Destination Clock Delay (DCD):    1.991ns = ( 6.991 - 5.000 ) 
    Source Clock Delay      (SCD):    0.000ns
    Clock Pessimism Removal (CPR):    -0.000ns

    Location             Delay type                Incr(ns)  Path(ns)    Netlist Resource(s)
  -------------------------------------------------------------------    -------------------
    J1                                                0.000     0.000 r  uart_rx (IN)
                         net (fo=0)                   0.000     0.000    uart_rx
    J1                   IBUF (Prop_ibuf_I_O)         0.218     0.218 r  uart_rx_IBUF_inst/O
                         net (fo=37, routed)          1.226     1.444    command_handler_inst/IC1/uart_rx_IBUF
    SLICE_X61Y10         LUT5 (Prop_lut5_I4_O)        0.045     1.489 r  command_handler_inst/IC1/bit_cycle_current[31]_i_2/O
                         net (fo=32, routed)          0.221     1.710    command_handler_inst/IC1/bit_cycle_current
    SLICE_X64Y11         FDRE                                         r  command_handler_inst/IC1/bit_cycle_current_reg[5]/CE
  -------------------------------------------------------------------    -------------------

                         (clock sys_clk_pin fall edge)
                                                      5.000     5.000 f  
    W5                                                0.000     5.000 f  clk (IN)
                         net (fo=0)                   0.000     5.000    clk
    W5                   IBUF (Prop_ibuf_I_O)         0.414     5.414 f  clk_IBUF_inst/O
                         net (fo=1, routed)           0.685     6.099    clk_IBUF
    BUFGCTRL_X0Y1        BUFG (Prop_bufg_I_O)         0.029     6.128 f  clk_IBUF_BUFG_inst/O
                         net (fo=202, routed)         0.864     6.991    command_handler_inst/IC1/clk_IBUF_BUFG
    SLICE_X64Y11         FDRE                                         r  command_handler_inst/IC1/bit_cycle_current_reg[5]/C  (IS_INVERTED)





